gene,residual_baseline_cindex,residual_perturbed_cindex_mean,residual_perturbed_cindex_std,residual_delta_cindex_mean,residual_delta_cindex_std,residual_method,residual_n_repeats,gated_baseline_cindex,gated_perturbed_cindex_mean,gated_perturbed_cindex_std,gated_delta_cindex_mean,gated_delta_cindex_std,gated_method,gated_n_repeats,max_delta_cindex,mean_delta_cindex
CARD18,0.6623070974683118,0.6604680092794943,0.0006600498220658682,0.001839088188817506,0.0006600498220658682,shuffle,10,0.6660054466597183,0.6658978583196047,0.0006615466422758948,0.00010758834011359575,0.0006615466422758948,shuffle,10,0.001839088188817506,0.0009733382644655508
LINC01667,0.6623070974683118,0.6607302558585213,0.000496743450074194,0.0015768416097905469,0.000496743450074194,shuffle,10,0.6660054466597183,0.6657600107588341,0.0002420037106267524,0.00024543590088421663,0.0002420037106267524,shuffle,10,0.0015768416097905469,0.0009111387553373818
IL12A,0.6623070974683118,0.6608647412836633,0.0005549968438010129,0.0014423561846484967,0.0005549968438010129,shuffle,10,0.6660054466597183,0.6658675990989477,0.00028546491674851074,0.00013784756077062088,0.00028546491674851074,shuffle,10,0.0014423561846484967,0.0007901018727095588
GPR6,0.6623070974683118,0.660972329623777,0.000543804001932371,0.00133476784453479,0.000543804001932371,shuffle,10,0.6660054466597183,0.6657499243519485,0.00039387243104213723,0.00025552230776981766,0.00039387243104213723,shuffle,10,0.00133476784453479,0.0007951450761523038
ADIRF,0.6623070974683118,0.661106815048919,0.00042101939836217345,0.0012002824193928507,0.00042101939836217345,shuffle,10,0.6660054466597183,0.6659651010321755,0.0002229174522307735,4.0345627542737184e-05,0.0002229174522307735,shuffle,10,0.0012002824193928507,0.000620314023467794
ASB4,0.6623070974683118,0.6611169014558047,0.00044987334656699217,0.0011901960125071387,0.00044987334656699217,shuffle,10,0.6660054466597183,0.6660760515079177,0.00024681373300920934,-7.060484819942925e-05,0.00024681373300920934,shuffle,10,0.0011901960125071387,0.0005597955821538547
PPIL3,0.6623070974683118,0.6611639713546045,0.0004799735648654988,0.0011431261137073712,0.0004799735648654988,shuffle,10,0.6660054466597183,0.6656120767911777,0.0002927375792763367,0.00039336986854054956,0.0002927375792763367,shuffle,10,0.0011431261137073712,0.0007682479911239604
C17orf97,0.6623070974683118,0.6611706956258615,0.0006610338285953286,0.0011364018424503408,0.0006610338285953286,shuffle,10,0.6660054466597183,0.6657364758094342,0.0004150569710388837,0.0002689708502841004,0.0004150569710388837,shuffle,10,0.0011364018424503408,0.0007026863463672206
GSG1,0.6623070974683118,0.6612177655246614,0.0007576675397103654,0.0010893319436504623,0.0007576675397103654,shuffle,10,0.6660054466597183,0.6658709612345761,0.00014184865756465724,0.00013448542514216122,0.00014184865756465724,shuffle,10,0.0010893319436504623,0.0006119086843963117
UGT2B17,0.6623070974683118,0.6612413004740612,0.0006458539152115972,0.0010657969942506895,0.0006458539152115972,shuffle,10,0.6660054466597183,0.6656591466899775,0.0005589746392951532,0.00034629996974078203,0.0005589746392951532,shuffle,10,0.0010657969942506895,0.0007060484819957358
HAS3,0.6623070974683118,0.6612648354234609,0.0004911480639431412,0.0010422620448509168,0.0004911480639431412,shuffle,10,0.6660054466597183,0.6657163029956629,0.00032604049147430325,0.0002891436640554135,0.00032604049147430325,shuffle,10,0.0010422620448509168,0.0006657028544531651
DBH,0.6623070974683118,0.6612749218303466,0.000412338213081181,0.0010321756379652047,0.000412338213081181,shuffle,10,0.6660054466597183,0.66595501462529,7.991705156847203e-05,5.043203442822719e-05,7.991705156847203e-05,shuffle,10,0.0010321756379652047,0.000541303836196716
ZNF354C,0.6623070974683118,0.6612883703728608,0.0006375747494752737,0.001018727095451033,0.0006375747494752737,shuffle,10,0.6660054466597183,0.6657364758094342,0.00047666499272965755,0.0002689708502841004,0.00047666499272965755,shuffle,10,0.001018727095451033,0.0006438489728675667
TMEM236,0.6623070974683118,0.6613152674578893,0.0003063973799717469,0.0009918300104225786,0.0003063973799717469,shuffle,10,0.6660054466597183,0.6655750932992637,0.0001771433933674405,0.00043035336045460504,0.0001771433933674405,shuffle,10,0.0009918300104225786,0.0007110916854385918
SPATA4,0.6623070974683118,0.6613421645429176,0.0006352657181152083,0.0009649329253942351,0.0006352657181152083,shuffle,10,0.6660054466597183,0.6660357058803752,0.0002242572187829388,-3.025922065691411e-05,0.0002242572187829388,shuffle,10,0.0009649329253942351,0.0004673368523686605
C20orf181,0.6623070974683118,0.6613791480348317,0.0007146733150300299,0.0009279494334801797,0.0007146733150300299,shuffle,10,0.6660054466597183,0.6662576068318595,0.00032397103469080393,-0.000252160172141247,0.00032397103469080393,shuffle,10,0.0009279494334801797,0.00033789463066946634
CLIC6,0.6623070974683118,0.6613825101704602,0.0005628439983452624,0.000924587297851609,0.0005628439983452624,shuffle,10,0.6660054466597183,0.6659281175402616,0.00034420453610668696,7.732911945668164e-05,0.00034420453610668696,shuffle,10,0.000924587297851609,0.0005009582086541453
CROCC,0.6623070974683118,0.6613925965773457,0.000614599864291545,0.000914500890966119,0.000614599864291545,shuffle,10,0.6660054466597183,0.6656557845543489,0.00040435185094638834,0.0003496621053693527,0.00040435185094638834,shuffle,10,0.000914500890966119,0.0006320814981677358
RNF135,0.6623070974683118,0.6613959587129744,0.0007945531057101503,0.0009111387553374373,0.0007945531057101503,shuffle,10,0.6660054466597183,0.6660020845240897,0.0006288991301880119,3.362135628570684e-06,0.0006288991301880119,shuffle,10,0.0009111387553374373,0.000457250445483004
SPINLW1,0.6623070974683118,0.6614161315267457,0.0002499086969592629,0.0008909659415661242,0.0002499086969592629,shuffle,10,0.6660054466597183,0.6659382039471471,0.00016675650428855406,6.724271257119163e-05,0.00016675650428855406,shuffle,10,0.0008909659415661242,0.0004791043270686579
KCNA10,0.6623070974683118,0.661459839289917,0.00039832439820110564,0.0008472581783948163,0.00039832439820110564,shuffle,10,0.6660054466597183,0.6658339777426622,0.0003594341566267369,0.00017146891705610567,0.0003594341566267369,shuffle,10,0.0008472581783948163,0.000509363547725461
FABP6,0.6623070974683118,0.6614632014255454,0.0007590463309890437,0.0008438960427664677,0.0007590463309890437,shuffle,10,0.6660054466597183,0.6656961301818914,0.0003188893037388189,0.0003093164778268376,0.0003188893037388189,shuffle,10,0.0008438960427664677,0.0005766062602966526
ZSCAN1,0.6623070974683118,0.661496822781831,0.0007924162107113948,0.0008102746864808719,0.0007924162107113948,shuffle,10,0.6660054466597183,0.6663349359513162,0.00017261873587725687,-0.0003294892915979286,0.00017261873587725687,shuffle,10,0.0008102746864808719,0.00024039269744147163
APBA1,0.6623070974683118,0.6615035470530881,0.0007764204200766518,0.0008035504152237305,0.0007764204200766518,shuffle,10,0.6660054466597183,0.6661668291698888,0.00036732004932247425,-0.00016138251017050464,0.00036732004932247425,shuffle,10,0.0008035504152237305,0.0003210839525266129
SUMO3,0.6623070974683118,0.6615136334599737,0.0004194457902363622,0.0007934640083381295,0.0004194457902363622,shuffle,10,0.6660054466597183,0.6656557845543489,0.00031439114353121785,0.0003496621053693527,0.00031439114353121785,shuffle,10,0.0007934640083381295,0.0005715630568537411
GRIP1,0.6623070974683118,0.6615169955956024,0.0003523832522875398,0.0007901018727094478,0.0003523832522875398,shuffle,10,0.6660054466597183,0.6655750932992637,0.0004655799179131535,0.00043035336045460504,0.0004655799179131535,shuffle,10,0.0007901018727094478,0.0006102276165820264
CACNA1B,0.6623070974683118,0.6615203577312309,0.0007340243579461496,0.0007867397370809881,0.0007340243579461496,shuffle,10,0.6660054466597183,0.665820529200148,0.00037986181454001974,0.0001849174595702774,0.00037986181454001974,shuffle,10,0.0007867397370809881,0.00048582859832563274
NXPE4,0.6623070974683118,0.6615405305450021,0.00034543387120440254,0.000766566923309786,0.00034543387120440254,shuffle,10,0.6660054466597183,0.6659213932690045,0.00028775245887474333,8.4053390713823e-05,0.00028775245887474333,shuffle,10,0.000766566923309786,0.0004253101570118045
H2BC7,0.6623070974683118,0.6615405305450022,0.0005478940181564583,0.000766566923309675,0.0005478940181564583,shuffle,10,0.6660054466597183,0.6654708670947785,0.0003825897620779083,0.0005345795649397411,0.0003825897620779083,shuffle,10,0.000766566923309675,0.0006505732441247081
ZNF563,0.6623070974683118,0.6615405305450023,0.000717924214023835,0.000766566923309564,0.000717924214023835,shuffle,10,0.6660054466597183,0.6661668291698888,0.00026635245026174773,-0.00016138251017050464,0.00026635245026174773,shuffle,10,0.000766566923309564,0.0003025922065695297
SLC36A3,0.6623070974683118,0.6615472548162592,0.0002406687982809161,0.0007598426520526447,0.0002406687982809161,shuffle,10,0.6660054466597183,0.6659348418115186,0.00020586046484675916,7.06048481996513e-05,0.00020586046484675916,shuffle,10,0.0007598426520526447,0.000415223750126148
LOC100130051,0.6623070974683118,0.661557341223145,0.0006557543668301292,0.0007497562451668216,0.0006557543668301292,shuffle,10,0.6660054466597183,0.6662071747974314,0.0003328344463104505,-0.0002017281377131308,0.0003328344463104505,shuffle,10,0.0007497562451668216,0.0002740140537268454
CD3G,0.6623070974683118,0.6615775140369163,0.00025651574569089675,0.0007295834313955085,0.00025651574569089675,shuffle,10,0.6660054466597183,0.6658440641495478,0.0003651595059647136,0.00016138251017050464,0.0003651595059647136,shuffle,10,0.0007295834313955085,0.0004454829707830066
LOC644617,0.6623070974683118,0.661594324715059,0.0004522791035416852,0.0007127727532528771,0.0004522791035416852,shuffle,10,0.6660054466597183,0.6660962243216891,0.00020231565589657358,-9.077766197085335e-05,0.00020231565589657358,shuffle,10,0.0007127727532528771,0.0003109975456410119
ABHD12,0.6623070974683118,0.6615943247150591,0.00037099456609309973,0.0007127727532527661,0.00037099456609309973,shuffle,10,0.6660054466597183,0.6664996805971153,0.0003903698638864714,-0.0004942339373970039,0.0003903698638864714,shuffle,10,0.0007127727532527661,0.00010926940792788109
DCAF12L2,0.6623070974683118,0.6616044111219447,0.00036874826988184215,0.0007026863463671651,0.00036874826988184215,shuffle,10,0.6660054466597183,0.6661567427630031,0.00022864994299053544,-0.0001512961032847926,0.00022864994299053544,shuffle,10,0.0007026863463671651,0.00027569512154118625
OPHN1,0.6623070974683118,0.6616111353932018,0.0005571516268466631,0.0006959620751100237,0.0005571516268466631,shuffle,10,0.6660054466597183,0.666082775779175,0.0001792052983389226,-7.732911945668164e-05,0.0001792052983389226,shuffle,10,0.0006959620751100237,0.00030931647782667104
OR4X1,0.6623070974683118,0.661631308206973,0.0004887139101788198,0.0006757892613388217,0.0004887139101788198,shuffle,10,0.6660054466597183,0.6661735534411457,0.00042474832255934807,-0.00016810678142742397,0.00042474832255934807,shuffle,10,0.0006757892613388217,0.00025384123995569885
ALDH3B1,0.6623070974683118,0.6616380324782302,0.0005323334223795129,0.0006690649900816803,0.0005323334223795129,shuffle,10,0.6660054466597183,0.6659684631678041,0.00032158963494599053,3.69834919141665e-05,0.00032158963494599053,shuffle,10,0.0006690649900816803,0.0003530242409979234
GNRHR,0.6623070974683118,0.6616481188851158,0.00046785660590523376,0.0006589785831960793,0.00046785660590523376,shuffle,10,0.6660054466597183,0.6662038126618028,0.00032991785671192974,-0.00019836600208456012,0.00032991785671192974,shuffle,10,0.0006589785831960793,0.00023030629055575957
TRIML2,0.6623070974683118,0.6616514810207443,0.0003930248828407021,0.0006556164475675086,0.0003930248828407021,shuffle,10,0.6660054466597183,0.6659919981172041,9.533299854593638e-05,1.3448542514171713e-05,9.533299854593638e-05,shuffle,10,0.0006556164475675086,0.00033453249504084015
ITPRID2,0.6623070974683118,0.6616548431563729,0.000375657538875392,0.0006522543119389379,0.000375657538875392,shuffle,10,0.6660054466597183,0.6661096728642033,0.0002160417419415379,-0.00010422620448502506,0.0002160417419415379,shuffle,10,0.0006522543119389379,0.0002740140537269564
ENPP3,0.6623070974683118,0.6616649295632584,0.0007969679936035414,0.0006421679050534479,0.0007969679936035414,shuffle,10,0.6660054466597183,0.6661029485929463,0.00035659248572104745,-9.750193322799472e-05,0.00035659248572104745,shuffle,10,0.0006421679050534479,0.0002723329859127266
EIF2B2,0.6623070974683118,0.6616649295632586,0.0003329872433812587,0.0006421679050532259,0.0003329872433812587,shuffle,10,0.6660054466597183,0.6656456981474632,0.0004666106473525126,0.00035974851225506477,0.0004666106473525126,shuffle,10,0.0006421679050532259,0.0005009582086541453
HP1BP3,0.6623070974683118,0.6616884645126584,0.0005959995913300193,0.0006186329556534531,0.0005959995913300193,shuffle,10,0.6660054466597183,0.6660827757791749,0.0002689918628110054,-7.732911945657062e-05,0.0002689918628110054,shuffle,10,0.0006186329556534531,0.00027065191809844125
STK33,0.6623070974683118,0.6617019130551726,0.0004653856429545751,0.0006051844131392814,0.0004653856429545751,shuffle,10,0.6660054466597183,0.6660222573378609,0.0001793314104575042,-1.6810678142631374e-05,0.0001793314104575042,shuffle,10,0.0006051844131392814,0.000294186867498325
OGN,0.6623070974683118,0.6617052751908011,0.0004903303374666411,0.0006018222775107107,0.0004903303374666411,shuffle,10,0.6660054466597183,0.6659550146252899,0.00025394698047649997,5.043203442833821e-05,0.00025394698047649997,shuffle,10,0.0006018222775107107,0.00032612715596952446
PSAP,0.6623070974683118,0.6617086373264296,0.00029762022628962496,0.000598460141882251,0.00029762022628962496,shuffle,10,0.6660054466597183,0.6659583767609185,0.00016621332204966936,4.706989879976753e-05,0.00016621332204966936,shuffle,10,0.000598460141882251,0.0003227650203410093
METTL21EP,0.6623070974683118,0.6617119994620582,0.0005776712599969821,0.0005950980062536804,0.0005776712599969821,shuffle,10,0.6660054466597183,0.6658944961839761,0.000326335056854992,0.00011095047574216643,0.000326335056854992,shuffle,10,0.0005950980062536804,0.0003530242409979234
CLNS1A,0.6623070974683118,0.6617119994620583,0.0002050902733416214,0.0005950980062535693,0.0002050902733416214,shuffle,10,0.6660054466597183,0.6655549204854923,0.00025213775690753257,0.00045052617422602914,0.00025213775690753257,shuffle,10,0.0005950980062535693,0.0005228120902397992
C20orf194,0.6623070974683118,0.6617220858689439,0.00030931647782671013,0.0005850115993679683,0.00030931647782671013,shuffle,10,0.6660054466597183,0.666052516558518,0.00023010373711148714,-4.706989879976753e-05,0.00023010373711148714,shuffle,10,0.0005850115993679683,0.0002689708502841004
FAM171A2,0.6623070974683118,0.6617355344114582,0.00046756658215222973,0.0005715630568536856,0.00046756658215222973,shuffle,10,0.6660054466597183,0.6656356117405775,0.0003503726045150148,0.0003698349191407768,0.0003503726045150148,shuffle,10,0.0005715630568536856,0.0004706989879972312
SULT1E1,0.6623070974683118,0.6617355344114582,0.00016810678142755052,0.0005715630568536856,0.00016810678142755052,shuffle,10,0.6660054466597183,0.665827253471405,0.00044018304094435096,0.00017819318831324704,0.00044018304094435096,shuffle,10,0.0005715630568536856,0.0003748781225834663
NUB1,0.6623070974683118,0.661759069360858,0.0006624431109800414,0.0005480281074538018,0.0006624431109800414,shuffle,10,0.6660054466597183,0.6662307097468311,0.0002788951794693264,-0.00022526308711279253,0.0002788951794693264,shuffle,10,0.0005480281074538018,0.00016138251017050464
FGF2,0.6623070974683118,0.6617624314964865,0.0003728182436372648,0.0005446659718253422,0.0003728182436372648,shuffle,10,0.6660054466597183,0.665918031133376,0.00022057249728483472,8.741552634228267e-05,0.00022057249728483472,shuffle,10,0.0005446659718253422,0.0003160407490838124
OR6C68,0.6623070974683118,0.6617624314964865,0.00042866899641619727,0.0005446659718253422,0.00042866899641619727,shuffle,10,0.6660054466597183,0.6662576068318595,0.00043010375456489124,-0.000252160172141247,0.00043010375456489124,shuffle,10,0.0005446659718253422,0.0001462528998420476
UTP23,0.6623070974683118,0.6617624314964866,0.000413638341774006,0.0005446659718252311,0.000413638341774006,shuffle,10,0.6660054466597183,0.6660121709309753,0.0002671998989517714,-6.724271257030345e-06,0.0002671998989517714,shuffle,10,0.0005446659718252311,0.0002689708502841004
NME8,0.6623070974683118,0.6617758800390008,0.0005266439632639919,0.0005312174293110594,0.0005266439632639919,shuffle,10,0.6660054466597183,0.665827253471405,0.00045977742536062804,0.00017819318831324704,0.00045977742536062804,shuffle,10,0.0005312174293110594,0.00035470530881215323
H2AC13,0.6623070974683118,0.6617826043102578,0.0003947324781344168,0.0005244931580540291,0.0003947324781344168,shuffle,10,0.6660054466597183,0.6660457922872609,0.00021985385098036454,-4.034562754262616e-05,0.00021985385098036454,shuffle,10,0.0005244931580540291,0.00024207376525570146
ZNF679,0.6623070974683118,0.6617859664458863,0.00021645992136395178,0.0005211310224255694,0.00021645992136395178,shuffle,10,0.6660054466597183,0.6660390680160038,0.00015407241014543936,-3.3621356285484794e-05,0.00015407241014543936,shuffle,10,0.0005211310224255694,0.0002437548330700423
FAM86C2P,0.6623070974683118,0.6617859664458864,0.0006600840730036603,0.0005211310224254584,0.0006600840730036603,shuffle,10,0.6660054466597183,0.6665803718522004,0.0005293522125263876,-0.0005749251924821452,0.0005293522125263876,shuffle,10,0.0005211310224254584,-2.6897085028343426e-05
GSK3A,0.6623070974683118,0.6617994149884007,0.0006768589455026063,0.0005076824799111757,0.0006768589455026063,shuffle,10,0.6660054466597183,0.6660558786941465,0.00045884221712524215,-5.043203442822719e-05,0.00045884221712524215,shuffle,10,0.0005076824799111757,0.00022862522274147423
RACK1,0.6623070974683118,0.6618027771240292,0.00038686480485878525,0.000504320344282605,0.00038686480485878525,shuffle,10,0.6660054466597183,0.66618700198366,0.0002707302173848962,-0.0001815553239417067,0.0002707302173848962,shuffle,10,0.000504320344282605,0.00016138251017044913
MAP7D3,0.6623070974683118,0.6618061392596577,0.0007300480948034101,0.0005009582086541453,0.0007300480948034101,shuffle,10,0.6660054466597183,0.6662845039168881,0.00039065932697226503,-0.00027905725716981244,0.00039065932697226503,shuffle,10,0.0005009582086541453,0.00011095047574216643
DENND5B,0.6623070974683118,0.6618095013952863,0.00024879803651280954,0.0004975960730255746,0.00024879803651280954,shuffle,10,0.6660054466597183,0.666321487408802,0.0003356078327934259,-0.0003160407490837569,0.0003356078327934259,shuffle,10,0.0004975960730255746,9.077766197090886e-05
MLLT4,0.6623070974683118,0.6618095013952863,0.0006505189438025577,0.0004975960730255746,0.0006505189438025577,shuffle,10,0.6660054466597183,0.6660861379148034,0.0003253463444414558,-8.06912550851413e-05,0.0003253463444414558,shuffle,10,0.0004975960730255746,0.00020845240897021666
PROX1,0.6623070974683118,0.6618128635309148,0.0005132187432286706,0.0004942339373970039,0.0005132187432286706,shuffle,10,0.6660054466597183,0.6661163971354604,0.00019664901073719428,-0.00011095047574216643,0.00019664901073719428,shuffle,10,0.0004942339373970039,0.00019164173082741875
EPB41L4A-DT,0.6623070974683118,0.661819587802172,0.0005580031071603439,0.0004875096661398626,0.0005580031071603439,shuffle,10,0.6660054466597183,0.6660256194734895,0.00020953416199956997,-2.017281377120206e-05,0.00020953416199956997,shuffle,10,0.0004875096661398626,0.00023366842618433026
BOLA2,0.6623070974683118,0.6618263120734291,0.0002731618814100808,0.0004807853948827212,0.0002731618814100808,shuffle,10,0.6660054466597183,0.6659819117103183,0.0001533738322019519,2.3534949399994787e-05,0.0001533738322019519,shuffle,10,0.0004807853948827212,0.000252160172141358
GPAM,0.6623070974683118,0.6618296742090576,0.0002671998989517552,0.00047742325925426154,0.0002671998989517552,shuffle,10,0.6660054466597183,0.665991998117204,0.00038369613334734027,1.3448542514282735e-05,0.00038369613334734027,shuffle,10,0.00047742325925426154,0.00024543590088427214
EPM2A,0.6623070974683118,0.661833036344686,0.00040969798927733506,0.0004740611236258019,0.00040969798927733506,shuffle,10,0.6660054466597183,0.6661802777124028,0.00011724167551466974,-0.00017483105268456534,0.00011724167551466974,shuffle,10,0.0004740611236258019,0.00014961503547061827
FXYD5,0.6623070974683118,0.6618498470228288,0.0003627992054659161,0.0004572504454830595,0.0003627992054659161,shuffle,10,0.6660054466597183,0.6661096728642033,0.00028665040738384937,-0.00010422620448502506,0.00028665040738384937,shuffle,10,0.0004572504454830595,0.0001765121204990172
USP21,0.6623070974683118,0.6618498470228289,0.0003750552336316734,0.00045725044548294846,0.0003750552336316734,shuffle,10,0.6660054466597183,0.6661533806273746,0.00024160635071406999,-0.00014793396765633293,0.00024160635071406999,shuffle,10,0.00045725044548294846,0.00015465823891330777
PTPN22,0.6623070974683118,0.6618532091584575,0.000450137102477752,0.0004538883098543778,0.000450137102477752,shuffle,10,0.6660054466597183,0.6660726893722894,0.00046901490750689566,-6.724271257108061e-05,0.00046901490750689566,shuffle,10,0.0004538883098543778,0.00019332279864164859
CNGA2,0.6623070974683118,0.6618700198366001,0.0005189029114943449,0.0004370776317117464,0.0005189029114943449,shuffle,10,0.6660054466597183,0.6661870019836601,0.00018242490624685516,-0.00018155532394181773,0.00018242490624685516,shuffle,10,0.0004370776317117464,0.00012776115388496434
CXorf1,0.6623070974683118,0.6618700198366002,0.0004982317467059155,0.0004370776317116354,0.0004982317467059155,shuffle,10,0.6660054466597183,0.665894496183976,0.00011356854220525713,0.00011095047574227745,0.00011356854220525713,shuffle,10,0.0004370776317116354,0.0002740140537269564
CASP12,0.6623070974683118,0.6618733819722287,0.0005338177839114799,0.0004337154960831757,0.0005338177839114799,shuffle,10,0.6660054466597183,0.6660020845240896,0.0002770244703643385,3.362135628681706e-06,0.0002770244703643385,shuffle,10,0.0004337154960831757,0.00021853881585592871
CD200R1L,0.6623070974683118,0.6618801062434859,0.0003972587689446539,0.00042699122482592333,0.0003972587689446539,shuffle,10,0.6660054466597183,0.6662004505261742,0.00015020884176906692,-0.00019500386645587842,0.00015020884176906692,shuffle,10,0.00042699122482592333,0.00011599367918502246
ARHGAP5,0.6623070974683118,0.6618969169216287,0.00026804466836559307,0.00041018054668318094,0.00026804466836559307,shuffle,10,0.6660054466597183,0.6661231214067175,0.00014751310203059585,-0.00011767474699919678,0.00014751310203059585,shuffle,10,0.00041018054668318094,0.00014625289984199208
CLDN19,0.6623070974683118,0.6619002790572571,0.0002757976066276505,0.0004068184110547213,0.0002757976066276505,shuffle,10,0.6660054466597183,0.665887771912719,0.000298927703733936,0.0001176747469993078,0.000298927703733936,shuffle,10,0.0004068184110547213,0.00026224657902701454
FAM9C,0.6623070974683118,0.6619002790572571,0.00025045089690297473,0.0004068184110547213,0.00025045089690297473,shuffle,10,0.6660054466597183,0.6660995864573176,0.00018279631804549173,-9.413979759931301e-05,0.00018279631804549173,shuffle,10,0.0004068184110547213,0.00015633930672770413
VWC2L,0.6623070974683118,0.6619002790572572,0.0004140890101572717,0.00040681841105461025,0.0004140890101572717,shuffle,10,0.6660054466597183,0.6658675990989477,0.0001904583806377228,0.00013784756077062088,0.0001904583806377228,shuffle,10,0.00040681841105461025,0.00027233298591261557
TGM4,0.6623070974683118,0.6619137275997714,0.00029504536098494036,0.00039336986854043854,0.00029504536098494036,shuffle,10,0.6660054466597183,0.6659684631678042,0.0001910509719285232,3.698349191405548e-05,0.0001910509719285232,shuffle,10,0.00039336986854043854,0.000215176680227247
ANP32E,0.6623070974683118,0.6619204518710283,0.00019733759998423697,0.0003866455972835192,0.00019733759998423697,shuffle,10,0.6660054466597183,0.6661735534411457,0.00034907971226621196,-0.00016810678142742397,0.00034907971226621196,shuffle,10,0.0003866455972835192,0.00010926940792804762
TMEM41A,0.6623070974683118,0.6619238140066569,0.00017866832875749613,0.00038328346165494853,0.00017866832875749613,shuffle,10,0.6660054466597183,0.6657869078438624,0.00027448290773474316,0.0002185388158558732,0.00027448290773474316,shuffle,10,0.00038328346165494853,0.00030091113875541087
CLCF1,0.6623070974683118,0.661923814006657,0.0002106103589196197,0.0003832834616548375,0.0002106103589196197,shuffle,10,0.6660054466597183,0.666119759271089,7.242261785475627e-05,-0.00011431261137073712,7.242261785475627e-05,shuffle,10,0.0003832834616548375,0.0001344854251420502
LOC105378146,0.6623070974683118,0.6619271761422856,0.000377114134241125,0.0003799213260262668,0.000377114134241125,shuffle,10,0.6660054466597183,0.6661533806273745,0.00020127935375846925,-0.0001479339676562219,0.00020127935375846925,shuffle,10,0.0003799213260262668,0.00011599367918502246
LOC100132481,0.6623070974683118,0.6619372625491712,0.00022098210301790133,0.0003698349191406658,0.00022098210301790133,shuffle,10,0.6660054466597183,0.6660020845240896,0.00011593275493102266,3.362135628681706e-06,0.00011593275493102266,shuffle,10,0.0003698349191406658,0.00018659852738467375
NPY6R,0.6623070974683118,0.6619406246847997,0.0003581739751450458,0.0003664727835120951,0.0003581739751450458,shuffle,10,0.6660054466597183,0.6659113068621189,0.0001970796609589176,9.413979759942404e-05,0.0001970796609589176,shuffle,10,0.0003664727835120951,0.00023030629055575957
PARN,0.6623070974683118,0.6619406246847999,0.0005150655715602319,0.0003664727835119841,0.0005150655715602319,shuffle,10,0.6660054466597183,0.6660995864573177,0.00017392350679323954,-9.413979759942404e-05,0.00017392350679323954,shuffle,10,0.0003664727835119841,0.00013616649295628003
SMIM17,0.6623070974683118,0.6619540732273139,0.00022365152633643733,0.0003530242409979234,0.00022365152633643733,shuffle,10,0.6660054466597183,0.6658474262851765,0.00013452744527277466,0.00015802037454182294,0.00013452744527277466,shuffle,10,0.0003530242409979234,0.00025552230776987317
LOC389834,0.6623070974683118,0.6619607974985711,0.00034255856007103395,0.00034629996974078203,0.00034255856007103395,shuffle,10,0.6660054466597183,0.666277779645631,0.00014766628286318754,-0.0002723329859126711,0.00014766628286318754,shuffle,10,0.00034629996974078203,3.698349191405548e-05
RIF1,0.6623070974683118,0.6619607974985711,0.00046125020931096083,0.00034629996974078203,0.00046125020931096083,shuffle,10,0.6660054466597183,0.6661970883905457,0.00029885206413157484,-0.00019164173082741875,0.00029885206413157484,shuffle,10,0.00034629996974078203,7.732911945668164e-05
OR4F21,0.6623070974683118,0.6619675217698282,0.0004586450881898091,0.00033957569848364066,0.0004586450881898091,shuffle,10,0.6660054466597183,0.6661836398480314,0.00022755971165004435,-0.00017819318831313602,0.00022755971165004435,shuffle,10,0.00033957569848364066,8.069125508525232e-05
FAM104A,0.6623070974683118,0.6619675217698282,0.00017304386554764178,0.00033957569848364066,0.00017304386554764178,shuffle,10,0.6660054466597183,0.6660188952022325,0.000154219075966517,-1.3448542514171713e-05,0.000154219075966517,shuffle,10,0.00033957569848364066,0.00016306357798473448
KCNJ5,0.6623070974683118,0.6619675217698282,0.00021340955616523232,0.00033957569848364066,0.00021340955616523232,shuffle,10,0.6660054466597183,0.6661769155767743,0.00017238938564764975,-0.00017146891705599465,0.00017238938564764975,shuffle,10,0.00033957569848364066,8.4053390713823e-05
WNT7A,0.6623070974683118,0.6619708839054568,0.0001727496564390272,0.00033621356285507,0.0001727496564390272,shuffle,10,0.6660054466597183,0.6659281175402615,0.00017857340180734178,7.732911945679266e-05,0.00017857340180734178,shuffle,10,0.00033621356285507,0.00020677134115593132
TAFA4,0.6623070974683118,0.6619776081767139,0.00020217592547318907,0.0003294892915979286,0.00020217592547318907,shuffle,10,0.6660054466597183,0.6658844097770904,0.0001556781347246662,0.00012103688262787848,0.0001556781347246662,shuffle,10,0.0003294892915979286,0.00022526308711290355
IFNA10,0.6623070974683118,0.6621322664156273,0.0002162247949542687,0.00017483105268456534,0.0002162247949542687,shuffle,10,0.6660054466597183,0.6656793195037487,0.00031035626132921523,0.00032612715596958,0.00031035626132921523,shuffle,10,0.00032612715596958,0.00025047910432707265
BHLHE22,0.6623070974683118,0.6619809703123424,0.0004098635015340237,0.00032612715596946895,0.0004098635015340237,shuffle,10,0.6660054466597183,0.6659348418115186,0.00030940782671911297,7.06048481996513e-05,0.00030940782671911297,shuffle,10,0.00032612715596946895,0.00019836600208456012
NLGN4Y,0.6623070974683118,0.6619809703123424,0.00016611127763889675,0.00032612715596946895,0.00016611127763889675,shuffle,10,0.6660054466597183,0.6658776855058333,0.0002198538509803567,0.00012776115388501985,0.0002198538509803567,shuffle,10,0.00032612715596946895,0.0002269441549272444
TRIM34,0.6623070974683118,0.6619809703123425,0.00020618966622683343,0.00032612715596935793,0.00020618966622683343,shuffle,10,0.6660054466597183,0.6660256194734895,0.0001914942119611042,-2.017281377120206e-05,0.0001914942119611042,shuffle,10,0.00032612715596935793,0.00015297717109907794
JAG2,0.6623070974683118,0.6619843324479711,0.00034849634589248637,0.00032276502034078725,0.00034849634589248637,shuffle,10,0.6660054466597183,0.6660760515079178,0.00015144545781603454,-7.060484819954027e-05,0.00015144545781603454,shuffle,10,0.00032276502034078725,0.0001260800860706235
PDCD2L,0.6623070974683118,0.6619876945835994,0.0001512961032848111,0.0003194028847124386,0.0001512961032848111,shuffle,10,0.6660054466597183,0.6663719194432304,0.00024543590088423734,-0.0003664727835120951,0.00024543590088423734,shuffle,10,0.0003194028847124386,-2.3534949399828253e-05
KRTAP20-4,0.6623070974683118,0.6619876945835994,0.0004598265941582687,0.0003194028847124386,0.0004598265941582687,shuffle,10,0.6660054466597183,0.6662172612043169,0.0004959691383389377,-0.0002118145445986208,0.0004959691383389377,shuffle,10,0.0003194028847124386,5.3794170056908897e-05
POFUT2,0.6623070974683118,0.6619876945835995,0.00014284131248528862,0.0003194028847123276,0.00014284131248528862,shuffle,10,0.6660054466597183,0.6658709612345761,0.0002954091064988562,0.00013448542514216122,0.0002954091064988562,shuffle,10,0.0003194028847123276,0.0002269441549272444
MMP19,0.6623070974683118,0.6619876945835996,0.00015352116540808355,0.00031940288471221656,0.00015352116540808355,shuffle,10,0.6660054466597183,0.6659953602528326,0.0001908141562540858,1.0086406885712051e-05,0.0001908141562540858,shuffle,10,0.00031940288471221656,0.0001647446457989643
ENG,0.6623070974683118,0.6619944188548565,0.0002179172299109033,0.00031267861345529724,0.0002179172299109033,shuffle,10,0.6660054466597183,0.6660962243216891,0.00034877194605092754,-9.077766197085335e-05,0.00034877194605092754,shuffle,10,0.00031267861345529724,0.00011095047574222194
CASC1,0.6623070974683118,0.6621961469925697,0.00019199531365726342,0.00011095047574216643,0.00019199531365726342,shuffle,10,0.6660054466597183,0.665692768046263,0.00023871162962713267,0.00031267861345529724,0.00023871162962713267,shuffle,10,0.00031267861345529724,0.00021181454459873184
GLI2,0.6623070974683118,0.6619944188548567,0.00011939132504834602,0.0003126786134551862,0.00011939132504834602,shuffle,10,0.6660054466597183,0.6662004505261743,0.00010175668863545883,-0.00019500386645598944,0.00010175668863545883,shuffle,10,0.0003126786134551862,5.883737349959839e-05
SERPINE1,0.6623070974683118,0.6619977809904851,0.0004214889942296382,0.00030931647782672655,0.0004214889942296382,shuffle,10,0.6660054466597183,0.6660323437447466,0.000164573018868579,-2.6897085028343426e-05,0.000164573018868579,shuffle,10,0.00030931647782672655,0.00014120969639919156
PTH1R,0.6623070974683118,0.6623272702820832,0.00012140987852784409,-2.017281377131308e-05,0.00012140987852784409,shuffle,10,0.6660054466597183,0.6656994923175199,0.0002733273588636449,0.0003059543421983779,0.0002733273588636449,shuffle,10,0.0003059543421983779,0.00014289076421353242
THBD,0.6623070974683118,0.6620011431261136,0.0003112291741362482,0.0003059543421982669,0.0003112291741362482,shuffle,10,0.6660054466597183,0.6663046767306593,0.0002149927348115166,-0.0002992300709410145,0.0002149927348115166,shuffle,10,0.0003059543421982669,3.362135628626195e-06
LOXL3,0.6623070974683118,0.6620011431261138,0.0002834780822140476,0.00030595434219804485,0.0002834780822140476,shuffle,10,0.6660054466597183,0.666217261204317,0.0003063235848406049,-0.00021181454459873184,0.0003063235848406049,shuffle,10,0.00030595434219804485,4.7069898799656507e-05
LAPTM4A,0.6623070974683118,0.6620045052617423,0.00027272702539315964,0.0003025922065695852,0.00027272702539315964,shuffle,10,0.6660054466597183,0.6661264835423462,0.00024532073223218026,-0.00012103688262787848,0.00024532073223218026,shuffle,10,0.0003025922065695852,9.077766197085335e-05
ZBTB14,0.6623070974683118,0.6620179538042565,0.00042851074784264697,0.00028914366405530245,0.00042851074784264697,shuffle,10,0.6660054466597183,0.6657062165887773,0.00023795275902526296,0.0002992300709410145,0.00023795275902526296,shuffle,10,0.0002992300709410145,0.0002941868674981585
TMEM150A,0.6623070974683118,0.662014591668628,0.00015629411019964652,0.00029250579968387314,0.00015629411019964652,shuffle,10,0.6660054466597183,0.6658709612345761,8.505605110898606e-05,0.00013448542514216122,8.505605110898606e-05,shuffle,10,0.00029250579968387314,0.00021349561241301718
XPOT,0.6623070974683118,0.6622297683488552,0.00024981821589293473,7.732911945668164e-05,0.00024981821589293473,shuffle,10,0.6660054466597183,0.6657163029956628,0.00036528330983535875,0.0002891436640555245,0.00036528330983535875,shuffle,10,0.0002891436640555245,0.00018323639175610307
ANKRD28,0.6623070974683118,0.6620213159398849,0.00045587633277028027,0.0002857815284269538,0.00045587633277028027,shuffle,10,0.6660054466597183,0.6657633728944625,0.0003095356698781839,0.00024207376525575697,0.0003095356698781839,shuffle,10,0.0002857815284269538,0.0002639276468413554
GRIP2,0.6623070974683118,0.662028040211142,0.00020509027334164834,0.00027905725716981244,0.00020509027334164834,shuffle,10,0.6660054466597183,0.6661769155767743,0.00018381383092273346,-0.00017146891705599465,0.00018381383092273346,shuffle,10,0.00027905725716981244,5.3794170056908897e-05
SLAMF6,0.6623070974683118,0.662028040211142,0.00037681426608443275,0.00027905725716981244,0.00037681426608443275,shuffle,10,0.6660054466597183,0.6660794136435463,0.00012103688262784887,-7.396698382799993e-05,0.00012103688262784887,shuffle,10,0.00027905725716981244,0.00010254513667090626
TBCB,0.6623070974683118,0.662028040211142,0.0005995640952156904,0.00027905725716981244,0.0005995640952156904,shuffle,10,0.6660054466597183,0.666291228188145,0.0005423886563192014,-0.00028578152842673177,0.0005423886563192014,shuffle,10,0.00027905725716981244,-3.3621356284596615e-06
TRIP6,0.6623070974683118,0.6620280402111421,0.0003889193168669487,0.0002790572571697014,0.0003889193168669487,shuffle,10,0.6660054466597183,0.6661668291698887,0.00022443357117007438,-0.00016138251017039362,0.00022443357117007438,shuffle,10,0.0002790572571697014,5.88373734996539e-05
SPATA22,0.6623070974683118,0.6620347644823992,0.0001898639397975632,0.0002723329859126711,0.0001898639397975632,shuffle,10,0.6660054466597183,0.6663214874088019,0.00015640255992487568,-0.0003160407490836459,0.00015640255992487568,shuffle,10,0.0002723329859126711,-2.18538815854874e-05
ACSM5,0.6623070974683118,0.6620381266180277,0.0004925270504583949,0.0002689708502841004,0.0004925270504583949,shuffle,10,0.6660054466597183,0.6661634670342601,0.00039468952028927313,-0.00015802037454182294,0.00039468952028927313,shuffle,10,0.0002689708502841004,5.547523787113873e-05
RFT1,0.6623070974683118,0.6620414887536563,0.0009460036423600869,0.0002656087146555297,0.0009460036423600869,shuffle,10,0.6660054466597183,0.6659953602528326,0.00039036986388647223,1.0086406885712051e-05,0.00039036986388647223,shuffle,10,0.0002656087146555297,0.00013784756077062088
RBP1,0.6623070974683118,0.6620448508892848,0.00044140116147735147,0.00026224657902707005,0.00044140116147735147,shuffle,10,0.6660054466597183,0.6660088087953467,0.0003508401013541723,-3.3621356284596615e-06,0.0003508401013541723,shuffle,10,0.00026224657902707005,0.0001294422216993052
CCNC,0.6623070974683118,0.6620448508892849,0.0002767591114178907,0.000262246579026959,0.0002767591114178907,shuffle,10,0.6660054466597183,0.6657869078438623,0.0002861768004393396,0.00021853881585598423,0.0002861768004393396,shuffle,10,0.000262246579026959,0.00024039269744147163
AGFG1,0.6623070974683118,0.6623777023165115,0.00010357342434017577,-7.06048481996513e-05,0.00010357342434017577,shuffle,10,0.6660054466597183,0.6657465622163198,0.00017473404108777772,0.00025888444339849936,0.00017473404108777772,shuffle,10,0.00025888444339849936,9.413979759942404e-05
PSMD8,0.6623070974683118,0.662051575160542,0.00017156777490059925,0.00025552230776981766,0.00017156777490059925,shuffle,10,0.6660054466597183,0.6661533806273745,0.00010220007499964592,-0.0001479339676562219,0.00010220007499964592,shuffle,10,0.00025552230776981766,5.3794170056797874e-05
MUC15,0.6623070974683118,0.66214907709377,8.104072079611059e-05,0.00015802037454182294,8.104072079611059e-05,shuffle,10,0.6660054466597183,0.6657532864875769,0.00018734669287905317,0.000252160172141358,0.00018734669287905317,shuffle,10,0.000252160172141358,0.00020509027334159047
GNA12,0.6623070974683118,0.6620582994317991,0.00021643380882132148,0.0002487980365127873,0.00021643380882132148,shuffle,10,0.6660054466597183,0.6659550146252899,0.00016141752861725594,5.043203442833821e-05,0.00016141752861725594,shuffle,10,0.0002487980365127873,0.00014961503547056276
VOPP1,0.6623070974683118,0.6620582994317992,0.0007824752213068933,0.0002487980365126763,0.0007824752213068933,shuffle,10,0.6660054466597183,0.6664694213764584,0.00014716786220784318,-0.00046397471674008983,0.00014716786220784318,shuffle,10,0.0002487980365126763,-0.00010758834011370677
COL21A1,0.6623070974683118,0.6620616615674276,0.00020564070448002473,0.00024543590088421663,0.00020564070448002473,shuffle,10,0.6660054466597183,0.6660827757791751,0.00017983497455287473,-7.732911945679266e-05,0.00017983497455287473,shuffle,10,0.00024543590088421663,8.405339071371198e-05
GCNT2P1,0.6623070974683118,0.6620616615674277,0.00037259077209321343,0.0002454359008841056,0.00037259077209321343,shuffle,10,0.6660054466597183,0.6661836398480314,0.00014581749280302974,-0.00017819318831313602,0.00014581749280302974,shuffle,10,0.0002454359008841056,3.3621356285484794e-05
IL12RB2,0.6623070974683118,0.6620650237030562,0.00013846121966159053,0.00024207376525564595,0.00013846121966159053,shuffle,10,0.6660054466597183,0.6659852738459469,0.00019788103378357548,2.0172813771424103e-05,0.00019788103378357548,shuffle,10,0.00024207376525564595,0.00013112328951353502
GOLGA6L5P,0.6623070974683118,0.6620650237030562,0.0004031199216574515,0.00024207376525564595,0.0004031199216574515,shuffle,10,0.6660054466597183,0.666028981609118,9.979371334199964e-05,-2.3534949399772742e-05,9.979371334199964e-05,shuffle,10,0.00024207376525564595,0.0001092694079279366
METAP2,0.6623070974683118,0.6620683858386847,0.000313039924661391,0.00023871162962718628,0.000313039924661391,shuffle,10,0.6660054466597183,0.6659953602528326,0.0003121720752161176,1.0086406885712051e-05,0.0003121720752161176,shuffle,10,0.00023871162962718628,0.00012439901825644917
LOC256483,0.6623070974683118,0.6621826984500554,0.0001798349745528899,0.00012439901825644917,0.0001798349745528899,shuffle,10,0.6660054466597183,0.6657700971657196,0.0001816798048092752,0.00023534949399872662,0.0001816798048092752,shuffle,10,0.00023534949399872662,0.0001798742561275879
PBX4,0.6623070974683118,0.6620717479743133,0.0006470691846132337,0.00023534949399850458,0.0006470691846132337,shuffle,10,0.6660054466597183,0.6661836398480314,0.00013452744527278797,-0.00017819318831313602,0.00013452744527278797,shuffle,10,0.00023534949399850458,2.857815284268428e-05
EFCAB4B,0.6623070974683118,0.6620751101099417,0.0009024625891121307,0.00023198735837015594,0.0009024625891121307,shuffle,10,0.6660054466597183,0.6663719194432304,0.00025888444339844835,-0.0003664727835120951,0.00025888444339844835,shuffle,10,0.00023198735837015594,-6.724271257096959e-05
ABCG5,0.6623070974683118,0.6620751101099418,0.00020475930442236147,0.00023198735837004492,0.00020475930442236147,shuffle,10,0.6660054466597183,0.6664996805971153,0.0002756336121986389,-0.0004942339373970039,0.0002756336121986389,shuffle,10,0.00023198735837004492,-0.0001311232895134795
KCNT1,0.6623070974683118,0.6623575295027401,0.00030565862692577854,-5.043203442822719e-05,0.00030565862692577854,shuffle,10,0.6660054466597183,0.6657734593013482,0.00037723401476049003,0.00023198735837004492,0.00037723401476049003,shuffle,10,0.00023198735837004492,9.077766197090886e-05
FUCA2,0.6623070974683118,0.6620751101099419,0.0002778393698164631,0.0002319873583699339,0.0002778393698164631,shuffle,10,0.6660054466597183,0.665857512692062,0.0003107748379999741,0.00014793396765633293,0.0003107748379999741,shuffle,10,0.0002319873583699339,0.0001899606630131334
PROSER3,0.6623070974683118,0.6620784722455704,0.0003120815354435604,0.00022862522274147423,0.0003120815354435604,shuffle,10,0.6660054466597183,0.665887771912719,0.00015129610328481357,0.0001176747469993078,0.00015129610328481357,shuffle,10,0.00022862522274147423,0.00017314998487039102
ABCA12,0.6623070974683118,0.6620818343811989,0.0008136159821588597,0.00022526308711290355,0.0008136159821588597,shuffle,10,0.6660054466597183,0.6660995864573177,0.0005944042801495461,-9.413979759942404e-05,0.0005944042801495461,shuffle,10,0.00022526308711290355,6.556164475673976e-05
DCAF4L1,0.6623070974683118,0.662081834381199,0.0003536001373692859,0.00022526308711279253,0.0003536001373692859,shuffle,10,0.6660054466597183,0.6660995864573177,0.00027222919651677375,-9.413979759942404e-05,0.00027222919651677375,shuffle,10,0.00022526308711279253,6.556164475668425e-05
RABGAP1,0.6623070974683118,0.662088558652456,0.0005816105938206009,0.0002185388158558732,0.0005816105938206009,shuffle,10,0.6660054466597183,0.6663988165282587,0.00045134088093326644,-0.00039336986854043854,0.00045134088093326644,shuffle,10,0.0002185388158558732,-8.741552634228267e-05
FSHB,0.6623070974683118,0.662088558652456,0.00020409575645732883,0.0002185388158558732,0.00020409575645732883,shuffle,10,0.6660054466597183,0.6658642369633191,0.0002577247472916255,0.00014120969639919156,0.0002577247472916255,shuffle,10,0.0002185388158558732,0.00017987425612753238
CD163,0.6623070974683118,0.662095282923713,0.0006797918980199299,0.00021181454459884286,0.0006797918980199299,shuffle,10,0.6660054466597183,0.6659919981172041,0.000179929235924556,1.3448542514171713e-05,0.000179929235924556,shuffle,10,0.00021181454459884286,0.00011263154355650729
MSMP,0.6623070974683118,0.6620986450593417,0.0002787938330582283,0.00020845240897016115,0.0002787938330582283,shuffle,10,0.6660054466597183,0.6662071747974314,0.00015769813938819948,-0.0002017281377131308,0.00015769813938819948,shuffle,10,0.00020845240897016115,3.3621356285151727e-06
PRMT3,0.6623070974683118,0.6621053693305988,0.00017274965643902289,0.00020172813771301978,0.00017274965643902289,shuffle,10,0.6660054466597183,0.6658474262851763,0.0001402860911476592,0.00015802037454193396,0.0001402860911476592,shuffle,10,0.00020172813771301978,0.00017987425612747687
FERD3L,0.6623070974683118,0.6621087314662274,0.0003247377486248721,0.0001983660020844491,0.0003247377486248721,shuffle,10,0.6660054466597183,0.66593147967589,0.00016931282401927777,7.3966983828333e-05,0.00016931282401927777,shuffle,10,0.0001983660020844491,0.00013616649295639105
SLC6A14,0.6623070974683118,0.6621120936018559,0.0003120815354435554,0.00019500386645598944,0.0003120815354435554,shuffle,10,0.6660054466597183,0.6662441582893454,0.0003226424191946769,-0.00023871162962707526,0.0003226424191946769,shuffle,10,0.00019500386645598944,-2.185388158554291e-05
PNP,0.6623070974683118,0.662313821739569,5.165010757399865e-05,-6.724271257141368e-06,5.165010757399865e-05,shuffle,10,0.6660054466597183,0.6658205292001479,0.00018369079621621774,0.0001849174595703884,0.00018369079621621774,shuffle,10,0.0001849174595703884,8.909659415662352e-05
KLHL21,0.6623070974683118,0.6621255421443701,0.00013714876141862387,0.0001815553239417067,0.00013714876141862387,shuffle,10,0.6660054466597183,0.6663853679857445,0.00029923007094108134,-0.0003799213260262668,0.00029923007094108134,shuffle,10,0.0001815553239417067,-9.918300104228006e-05
GPX2,0.6623070974683118,0.6621289042799987,0.0006837711046002493,0.00017819318831313602,0.0006837711046002493,shuffle,10,0.6660054466597183,0.665991998117204,0.000227137084410508,1.3448542514282735e-05,0.000227137084410508,shuffle,10,0.00017819318831313602,9.582086541370938e-05
RNF185,0.6623070974683118,0.6621322664156272,0.0002313774741496921,0.00017483105268467636,0.0002313774741496921,shuffle,10,0.6660054466597183,0.6660424301516323,0.00016773653879254363,-3.698349191405548e-05,0.00016773653879254363,shuffle,10,0.00017483105268467636,6.892378038531044e-05
NKX3-2,0.6623070974683118,0.6621322664156272,0.00033344521448995203,0.00017483105268467636,0.00033344521448995203,shuffle,10,0.6660054466597183,0.6670611572470834,0.00039730144899232604,-0.0010557105873650885,0.00039730144899232604,shuffle,10,0.00017483105268467636,-0.00044043976734020607
TP53INP2,0.6623070974683118,0.6621356285512559,0.0004524415309498893,0.00017146891705599465,0.0004524415309498893,shuffle,10,0.6660054466597183,0.6662845039168881,0.00032909451877860253,-0.00027905725716981244,0.00032909451877860253,shuffle,10,0.00017146891705599465,-5.3794170056908897e-05
CCDC89,0.6623070974683118,0.6621423528225129,0.0003754317876447652,0.0001647446457989643,0.0003754317876447652,shuffle,10,0.6660054466597183,0.6662071747974314,0.00023678602510383351,-0.0002017281377131308,0.00023678602510383351,shuffle,10,0.0001647446457989643,-1.849174595708325e-05
PCDHGA9,0.6623070974683118,0.6621423528225129,0.00035340827618457737,0.0001647446457989643,0.00035340827618457737,shuffle,10,0.6660054466597183,0.6660188952022323,0.00013038845731545083,-1.344854251406069e-05,0.00013038845731545083,shuffle,10,0.0001647446457989643,7.564805164245181e-05
TUBB2B,0.6623070974683118,0.662142352822513,0.0006252939577169467,0.00016474464579885328,0.0006252939577169467,shuffle,10,0.6660054466597183,0.6660693272366607,0.00027083458122107264,-6.38805769423989e-05,0.00027083458122107264,shuffle,10,0.00016474464579885328,5.043203442822719e-05
AGTR1,0.6623070974683118,0.6621457149581413,0.00027181364262392557,0.00016138251017050464,0.00027181364262392557,shuffle,10,0.6660054466597183,0.6660323437447466,0.00013846121966160562,-2.6897085028343426e-05,0.00013846121966160562,shuffle,10,0.00016138251017050464,6.724271257108061e-05
AKIRIN1,0.6623070974683118,0.6621457149581415,0.00013431721316234274,0.00016138251017039362,0.00013431721316234274,shuffle,10,0.6660054466597183,0.6662206233399455,0.00018791902111397424,-0.0002151766802271915,0.00018791902111397424,shuffle,10,0.00016138251017039362,-2.6897085028398937e-05
CCNQ,0.6623070974683118,0.6621490770937699,9.152175361472899e-05,0.00015802037454193396,9.152175361472899e-05,shuffle,10,0.6660054466597183,0.6659718253034328,0.00018476457202074443,3.3621356285484794e-05,0.00018476457202074443,shuffle,10,0.00015802037454193396,9.582086541370938e-05
LOC162137,0.6623070974683118,0.6622028712638268,0.0006490663568515581,0.00010422620448502506,0.0006490663568515581,shuffle,10,0.6660054466597183,0.6658474262851763,0.00031613015493841336,0.00015802037454193396,0.00031613015493841336,shuffle,10,0.00015802037454193396,0.0001311232895134795
TTTY2,0.6623070974683118,0.6621524392293986,0.00037865469455809205,0.00015465823891325226,0.00037865469455809205,shuffle,10,0.6660054466597183,0.6664458864270585,0.00012439901825639875,-0.00044043976734020607,0.00012439901825639875,shuffle,10,0.00015465823891325226,-0.0001428907642134769
AP5Z1,0.6623070974683118,0.6621558013650269,0.00016350491094760603,0.00015129610328490362,0.00016350491094760603,shuffle,10,0.6660054466597183,0.6660323437447467,0.00014869612606323803,-2.6897085028454448e-05,0.00014869612606323803,shuffle,10,0.00015129610328490362,6.219950912822458e-05
WDCP,0.6623070974683118,0.6621591635006556,0.00013878739495376934,0.0001479339676562219,0.00013878739495376934,shuffle,10,0.6660054466597183,0.66618700198366,9.413979759943118e-05,-0.0001815553239417067,9.413979759943118e-05,shuffle,10,0.0001479339676562219,-1.6810678142742397e-05
HTR2A,0.6623070974683118,0.6622163198063409,0.00014425873619288725,9.077766197096437e-05,0.00014425873619288725,shuffle,10,0.6660054466597183,0.6658575126920621,0.00025168903301231357,0.0001479339676562219,0.00025168903301231357,shuffle,10,0.0001479339676562219,0.00011935581481359314
PHTF2,0.6623070974683118,0.6621625256362841,0.0002452516050813396,0.00014457183202776225,0.0002452516050813396,shuffle,10,0.6660054466597183,0.6659583767609185,0.0002992867307839477,4.706989879976753e-05,0.0002992867307839477,shuffle,10,0.00014457183202776225,9.582086541376489e-05
LOC728316,0.6623070974683118,0.6623642537739973,0.0005678028959434037,-5.715630568547958e-05,0.0005678028959434037,shuffle,10,0.6660054466597183,0.665864236963319,0.00025015735114466406,0.0001412096963993026,0.00025015735114466406,shuffle,10,0.0001412096963993026,4.20266953569115e-05
CYB561D2,0.6623070974683118,0.6621995091281981,0.00010821690441065125,0.00010758834011370677,0.00010821690441065125,shuffle,10,0.6660054466597183,0.6658743233702047,0.00019164173082742773,0.00013112328951359054,0.00019164173082742773,shuffle,10,0.00013112328951359054,0.00011935581481364865
TERF1,0.6623070974683118,0.6621759741787983,0.00014299949781889463,0.00013112328951359054,0.00014299949781889463,shuffle,10,0.6660054466597183,0.6662407961537168,0.0002475226079320237,-0.00023534949399850458,0.0002475226079320237,shuffle,10,0.00013112328951359054,-5.211310224245702e-05
EVI5,0.6623070974683118,0.6621759741787983,0.00019105097192854544,0.00013112328951359054,0.00019105097192854544,shuffle,10,0.6660054466597183,0.66644252429143,9.509555608871128e-05,-0.0004370776317117464,9.509555608871128e-05,shuffle,10,0.00013112328951359054,-0.00015297717109907794
SNORD4A,0.6623070974683118,0.6621759741787984,0.0003578582363890856,0.0001311232895134795,0.0003578582363890856,shuffle,10,0.6660054466597183,0.6661634670342601,0.0002677281922014409,-0.00015802037454182294,0.0002677281922014409,shuffle,10,0.0001311232895134795,-1.3448542514171713e-05
TC2N,0.6623070974683118,0.6623104596039403,0.0002112801982767529,-3.3621356284596615e-06,0.0002112801982767529,shuffle,10,0.6660054466597183,0.6658776855058333,0.00024188690782508612,0.00012776115388501985,0.00024188690782508612,shuffle,10,0.00012776115388501985,6.21995091282801e-05
TEKT3,0.6623070974683118,0.6622432168913694,0.0002407861919751834,6.38805769423989e-05,0.0002407861919751834,shuffle,10,0.6660054466597183,0.6658776855058333,0.00012829091906221414,0.00012776115388501985,0.00012829091906221414,shuffle,10,0.00012776115388501985,9.582086541370938e-05
MAP7D2,0.6623070974683118,0.6621894227213125,0.00037356035206113816,0.0001176747469993078,0.00037356035206113816,shuffle,10,0.6660054466597183,0.6660726893722893,0.00011150942374189389,-6.724271257096959e-05,0.00011150942374189389,shuffle,10,0.0001176747469993078,2.5216017214169106e-05
CAPN11,0.6623070974683118,0.6621927848569411,0.0005400808089824122,0.00011431261137073712,0.0005400808089824122,shuffle,10,0.6660054466597183,0.6661096728642033,0.0005378261147381823,-0.00010422620448502506,0.0005378261147381823,shuffle,10,0.00011431261137073712,5.043203442856026e-06
REG1A,0.6623070974683118,0.6621961469925697,0.00012312028661265136,0.00011095047574216643,0.00012312028661265136,shuffle,10,0.6660054466597183,0.6661500184917459,7.820127996243331e-05,-0.00014457183202765123,7.820127996243331e-05,shuffle,10,0.00011095047574216643,-1.6810678142742397e-05
SLC22A25,0.6623070974683118,0.6621995091281981,0.00043883276331264253,0.00010758834011370677,0.00043883276331264253,shuffle,10,0.6660054466597183,0.6659751874390614,0.00045567792077772423,3.025922065691411e-05,0.00045567792077772423,shuffle,10,0.00010758834011370677,6.892378038531044e-05
LIMD1-AS1,0.6623070974683118,0.6623676159096258,0.0003725149173779346,-6.051844131393924e-05,0.0003725149173779346,shuffle,10,0.6660054466597183,0.6659012204552331,0.0003023866729219977,0.00010422620448513609,0.0003023866729219977,shuffle,10,0.00010422620448513609,2.1853881585598423e-05
DNAH7,0.6623070974683118,0.6622028712638268,0.0002123475463085526,0.00010422620448502506,0.0002123475463085526,shuffle,10,0.6660054466597183,0.6660794136435463,0.00010063967687922237,-7.396698382799993e-05,0.00010063967687922237,shuffle,10,0.00010422620448502506,1.5129610328512566e-05
SNORD100,0.6623070974683118,0.6622028712638268,0.0006076914826345432,0.00010422620448502506,0.0006076914826345432,shuffle,10,0.6660054466597183,0.6663013145950307,0.0003167552893336816,-0.0002958679353124438,0.0003167552893336816,shuffle,10,0.00010422620448502506,-9.582086541370938e-05
GRASP,0.6623070974683118,0.6622028712638268,0.0005907129736970139,0.00010422620448502506,0.0005907129736970139,shuffle,10,0.6660054466597183,0.6659987223884611,0.00024235378127210374,6.724271257141368e-06,0.00024235378127210374,shuffle,10,0.00010422620448502506,5.5475237871083216e-05
LOC646999,0.6623070974683118,0.6622331304844837,0.00040535700832067744,7.396698382811095e-05,0.00040535700832067744,shuffle,10,0.6660054466597183,0.6659045825908617,0.00027396763994840136,0.0001008640688565654,0.00027396763994840136,shuffle,10,0.0001008640688565654,8.741552634233818e-05
CST8,0.6623070974683118,0.662223044077598,0.0002476367525578432,8.4053390713823e-05,0.0002476367525578432,shuffle,10,0.6660054466597183,0.6660726893722893,0.0002621603562467471,-6.724271257096959e-05,0.0002621603562467471,shuffle,10,8.4053390713823e-05,8.40533907142671e-06
DONSON,0.6623070974683118,0.6623709780452544,0.0001461272488457844,-6.388057694250993e-05,0.0001461272488457844,shuffle,10,0.6660054466597183,0.6659281175402616,0.00031361715677481067,7.732911945668164e-05,0.00031361715677481067,shuffle,10,7.732911945668164e-05,6.7242712570858565e-06
APOA2,0.6623070974683118,0.6622297683488552,0.0005867962195278706,7.732911945668164e-05,0.0005867962195278706,shuffle,10,0.6660054466597183,0.6665635611740578,0.0002587752601270047,-0.0005581145143395139,0.0002587752601270047,shuffle,10,7.732911945668164e-05,-0.00024039269744141611
REEP5,0.6623070974683118,0.6622297683488552,0.00021106608096989863,7.732911945668164e-05,0.00021106608096989863,shuffle,10,0.6660054466597183,0.6659953602528326,0.0002072832282123522,1.0086406885712051e-05,0.0002072832282123522,shuffle,10,7.732911945668164e-05,4.3707763171196845e-05
DSG3,0.6623070974683118,0.6622297683488553,0.00018540585252277785,7.732911945657062e-05,0.00018540585252277785,shuffle,10,0.6660054466597183,0.6661533806273744,9.996347878371532e-05,-0.0001479339676561109,9.996347878371532e-05,shuffle,10,7.732911945657062e-05,-3.5302424099770136e-05
LINC03007,0.6623070974683118,0.6622331304844837,0.00039145424678959165,7.396698382811095e-05,0.00039145424678959165,shuffle,10,0.6660054466597183,0.6661029485929462,0.0003511621503492264,-9.75019332278837e-05,0.0003511621503492264,shuffle,10,7.396698382811095e-05,-1.1767474699886371e-05
NSUN3,0.6623070974683118,0.6622364926201124,0.00013980178789155587,7.060484819942925e-05,0.00013980178789155587,shuffle,10,0.6660054466597183,0.6664122650707729,0.00013402233418279057,-0.00040681841105461025,0.00013402233418279057,shuffle,10,7.060484819942925e-05,-0.0001681067814275905
ADGRF3,0.6623070974683118,0.6623911508590257,0.0005308023200029346,-8.4053390713823e-05,0.0005308023200029346,shuffle,10,0.6660054466597183,0.6659382039471472,7.956265048044869e-05,6.724271257108061e-05,7.956265048044869e-05,shuffle,10,6.724271257108061e-05,-8.405339071371198e-06
EFCAB13,0.6623070974683118,0.6622398547557408,0.00018353688685011753,6.724271257108061e-05,0.00018353688685011753,shuffle,10,0.6660054466597183,0.6661163971354604,0.00012938763006350526,-0.00011095047574216643,0.00012938763006350526,shuffle,10,6.724271257108061e-05,-2.185388158554291e-05
ZC3H3,0.6623070974683118,0.6622465790269979,0.00012380696392106272,6.051844131393924e-05,0.00012380696392106272,shuffle,10,0.6660054466597183,0.6659415660827758,0.0001677365387925432,6.388057694250993e-05,0.0001677365387925432,shuffle,10,6.388057694250993e-05,6.219950912822458e-05
GAL3ST2,0.6623070974683118,0.6622533032982549,0.0007996230151282104,5.3794170056908897e-05,0.0007996230151282104,shuffle,10,0.6660054466597183,0.6660592408297752,0.00044735359253551257,-5.3794170056908897e-05,0.00044735359253551257,shuffle,10,5.3794170056908897e-05,0.0
SIGLEC17P,0.6623070974683118,0.6622566654338836,0.0001412497161523624,5.043203442822719e-05,0.0001412497161523624,shuffle,10,0.6660054466597183,0.6661567427630031,0.00011074652248933557,-0.0001512961032847926,0.00011074652248933557,shuffle,10,5.043203442822719e-05,-5.04320344282827e-05
NANOS3,0.6623070974683118,0.6622566654338836,0.00021063719339241198,5.043203442822719e-05,0.00021063719339241198,shuffle,10,0.6660054466597183,0.6661735534411458,0.00016877786905169343,-0.000168106781427535,0.00016877786905169343,shuffle,10,5.043203442822719e-05,-5.88373734996539e-05
FAM53C,0.6623070974683118,0.6622633897051406,0.0002137271300852443,4.3707763171196845e-05,0.0002137271300852443,shuffle,10,0.6660054466597183,0.6660895000504319,0.00016760170232477326,-8.405339071360096e-05,0.00016760170232477326,shuffle,10,4.3707763171196845e-05,-2.017281377120206e-05
DEFB103B,0.6623070974683118,0.6622667518407692,0.0004913321524293229,4.034562754262616e-05,0.0004913321524293229,shuffle,10,0.6660054466597183,0.6664257136132872,0.00048565115218881686,-0.000420266953568893,0.00048565115218881686,shuffle,10,4.034562754262616e-05,-0.0001899606630131334
LENG1,0.6623070974683118,0.6623171838751974,0.00018902858214532556,-1.008640688560103e-05,0.00018902858214532556,shuffle,10,0.6660054466597183,0.6659651010321757,0.0002671998989517597,4.034562754262616e-05,0.0002671998989517597,shuffle,10,4.034562754262616e-05,1.5129610328512566e-05
FAM151B,0.6623070974683118,0.6623676159096258,0.00029341255729781825,-6.051844131393924e-05,0.00029341255729781825,shuffle,10,0.6660054466597183,0.6659651010321757,0.00019535136396911187,4.034562754262616e-05,0.00019535136396911187,shuffle,10,4.034562754262616e-05,-1.008640688565654e-05
LRRC61,0.6623070974683118,0.6622701139763978,0.00048289678815447145,3.698349191405548e-05,0.00048289678815447145,shuffle,10,0.6660054466597183,0.6661634670342601,0.00037681426608442587,-0.00015802037454182294,0.00037681426608442587,shuffle,10,3.698349191405548e-05,-6.051844131388373e-05
TRPM4,0.6623070974683118,0.6622701139763978,0.0001850396786580785,3.698349191405548e-05,0.0001850396786580785,shuffle,10,0.6660054466597183,0.6662273476112026,0.00021380644986161614,-0.00022190095148433286,0.00021380644986161614,shuffle,10,3.698349191405548e-05,-9.24587297851387e-05
ACSM1,0.6623070974683118,0.6622802003832835,0.00016797224216516245,2.6897085028343426e-05,0.00016797224216516245,shuffle,10,0.6660054466597183,0.6662307097468311,0.00020618966622684847,-0.00022526308711279253,0.00020618966622684847,shuffle,10,2.6897085028343426e-05,-9.918300104222455e-05
HTR3D,0.6623070974683118,0.6623339945533402,0.00012740675333016975,-2.6897085028343426e-05,0.00012740675333016975,shuffle,10,0.6660054466597183,0.6659819117103184,0.00012584451650615085,2.3534949399883764e-05,0.00012584451650615085,shuffle,10,2.3534949399883764e-05,-1.6810678142298308e-06
RPL13A,0.6623070974683118,0.6622869246545406,0.00014899989783249487,2.017281377120206e-05,0.00014899989783249487,shuffle,10,0.6660054466597183,0.6660626029654035,0.00016746675729296218,-5.7156305685257536e-05,0.00016746675729296218,shuffle,10,2.017281377120206e-05,-1.849174595702774e-05
SRGAP1,0.6623070974683118,0.6622936489257976,0.0002325470391795199,1.3448542514282735e-05,0.0002325470391795199,shuffle,10,0.6660054466597183,0.666022257337861,0.00010551965051593131,-1.6810678142742397e-05,0.00010551965051593131,shuffle,10,1.3448542514282735e-05,-1.6810678142298308e-06
PDE4B,0.6623070974683118,0.6623407188245973,0.00013615611559906227,-3.3621356285484794e-05,0.00013615611559906227,shuffle,10,0.6660054466597183,0.665991998117204,0.0001277611538849515,1.3448542514282735e-05,0.0001277611538849515,shuffle,10,1.3448542514282735e-05,-1.008640688560103e-05
DEPDC7,0.6623070974683118,0.6622936489257977,0.00026396512021504615,1.3448542514171713e-05,0.00026396512021504615,shuffle,10,0.6660054466597183,0.6663114010019164,0.00022223182422298452,-0.00030595434219815587,0.00022223182422298452,shuffle,10,1.3448542514171713e-05,-0.00014625289984199208
TCEAL1,0.6623070974683118,0.6623003731970548,0.00021674695170339895,6.724271257030345e-06,0.00021674695170339895,shuffle,10,0.6660054466597183,0.6662105369330599,9.443951118035882e-05,-0.00020509027334159047,9.443951118035882e-05,shuffle,10,6.724271257030345e-06,-9.918300104228006e-05
NISCH,0.6623070974683118,0.6623945129946542,0.00014515706650251037,-8.741552634239369e-05,0.00014515706650251037,shuffle,10,0.6660054466597183,0.6660020845240896,0.00025580969722794787,3.362135628681706e-06,0.00025580969722794787,shuffle,10,3.362135628681706e-06,-4.202669535685599e-05
NFE4,0.6623070974683118,0.6623205460108261,0.00036928434166683257,-1.3448542514282735e-05,0.00036928434166683257,shuffle,10,0.6660054466597183,0.6660088087953467,0.00017238938564764411,-3.3621356284596615e-06,0.00017238938564764411,shuffle,10,-3.3621356284596615e-06,-8.405339071371198e-06
DUSP19,0.6623070974683118,0.6623205460108261,0.00012140987852784715,-1.3448542514282735e-05,0.00012140987852784715,shuffle,10,0.6660054466597183,0.6661937262549171,0.00016416038215019409,-0.00018827959519884807,0.00016416038215019409,shuffle,10,-1.3448542514282735e-05,-0.0001008640688565654
SURF2,0.6623070974683118,0.6623272702820832,9.882620083178834e-05,-2.017281377131308e-05,9.882620083178834e-05,shuffle,10,0.6660054466597183,0.6660256194734895,0.00010330021514800525,-2.017281377120206e-05,0.00010330021514800525,shuffle,10,-2.017281377120206e-05,-2.017281377125757e-05
C19orf44,0.6623070974683118,0.6623474430958545,0.0002087775234005898,-4.034562754262616e-05,0.0002087775234005898,shuffle,10,0.6660054466597183,0.666028981609118,9.75019332279775e-05,-2.3534949399772742e-05,9.75019332279775e-05,shuffle,10,-2.3534949399772742e-05,-3.194028847119945e-05
POM121C,0.6623070974683118,0.6623339945533403,0.00010610721069199101,-2.6897085028454448e-05,0.00010610721069199101,shuffle,10,0.6660054466597183,0.6661466563561175,0.00016931282401927688,-0.00014120969639919156,0.00016931282401927688,shuffle,10,-2.6897085028454448e-05,-8.4053390713823e-05
FXYD6,0.6623070974683118,0.6623877887233971,0.00034654469896715223,-8.069125508525232e-05,0.00034654469896715223,shuffle,10,0.6660054466597183,0.6660424301516323,0.00016907898948565568,-3.698349191405548e-05,0.00016907898948565568,shuffle,10,-3.698349191405548e-05,-5.88373734996539e-05
LOC441179,0.6623070974683118,0.662344080960226,0.00013569872622540922,-3.69834919141665e-05,0.00013569872622540922,shuffle,10,0.6660054466597183,0.6660491544228894,0.00014108956903041058,-4.370776317108582e-05,0.00014108956903041058,shuffle,10,-3.69834919141665e-05,-4.034562754262616e-05
KPNA2,0.6623070974683118,0.6624718421141109,0.0001601520406658833,-0.00016474464579907533,0.0001601520406658833,shuffle,10,0.6660054466597183,0.6660558786941465,0.00022162059641163103,-5.043203442822719e-05,0.00022162059641163103,shuffle,10,-5.043203442822719e-05,-0.00010758834011365126
SUGT1P1,0.6623070974683118,0.6623709780452544,0.0005945278796557026,-6.388057694250993e-05,0.0005945278796557026,shuffle,10,0.6660054466597183,0.6661130349998319,9.244344608726959e-05,-0.00010758834011359575,9.244344608726959e-05,shuffle,10,-6.388057694250993e-05,-8.573445852805284e-05
TGM3,0.6623070974683118,0.6623743401808828,0.0001835368868500931,-6.724271257096959e-05,0.0001835368868500931,shuffle,10,0.6660054466597183,0.6661601048986314,0.00019615979754314237,-0.00015465823891314123,0.00019615979754314237,shuffle,10,-6.724271257096959e-05,-0.00011095047574205541
NUMB,0.6623070974683118,0.6623844265877686,0.0002604516075293512,-7.732911945679266e-05,0.0002604516075293512,shuffle,10,0.6660054466597183,0.6661735534411457,7.052475191944811e-05,-0.00016810678142742397,7.052475191944811e-05,shuffle,10,-7.732911945679266e-05,-0.00012271795044210831
SRPRA,0.6623070974683118,0.6624079615371684,0.0001302149529706947,-0.0001008640688565654,0.0001302149529706947,shuffle,10,0.6660054466597183,0.666089500050432,0.00015278307860676292,-8.405339071371198e-05,0.00015278307860676292,shuffle,10,-8.405339071371198e-05,-9.24587297851387e-05
ABCF2,0.6623070974683118,0.6623911508590257,0.00019270053297794161,-8.4053390713823e-05,0.00019270053297794161,shuffle,10,0.6660054466597183,0.6665904582590861,0.0001451570665025474,-0.0005850115993678573,0.0001451570665025474,shuffle,10,-8.4053390713823e-05,-0.00033453249504084015
MEFV,0.6623070974683118,0.6623945129946541,0.00019500386645597412,-8.741552634228267e-05,0.00019500386645597412,shuffle,10,0.6660054466597183,0.6661063107285747,0.000273554726918022,-0.00010086406885645438,0.000273554726918022,shuffle,10,-8.741552634228267e-05,-9.413979759936852e-05
LPAL2,0.6623070974683118,0.6624819285209965,0.00018767825353129008,-0.00017483105268467636,0.00018767825353129008,shuffle,10,0.6660054466597183,0.6661029485929462,0.00011095047574218527,-9.75019332278837e-05,0.00011095047574218527,shuffle,10,-9.75019332278837e-05,-0.00013616649295628003
CNPY2,0.6623070974683118,0.6624079615371684,0.00015983410313692305,-0.0001008640688565654,0.00015983410313692305,shuffle,10,0.6660054466597183,0.6663584709007161,0.00014597245298787469,-0.0003530242409978124,0.00014597245298787469,shuffle,10,-0.0001008640688565654,-0.0002269441549271889
IGFL3,0.6623070974683118,0.6625895168611102,0.00044558128654215867,-0.00028241939279838313,0.00044558128654215867,shuffle,10,0.6660054466597183,0.6661130349998319,0.0002528540587965324,-0.00010758834011359575,0.0002528540587965324,shuffle,10,-0.00010758834011359575,-0.00019500386645598944
OR2L1P,0.6623070974683118,0.662418047944054,0.00037107073160050065,-0.00011095047574216643,0.00037107073160050065,shuffle,10,0.6660054466597183,0.6666341660222574,0.0004714308842414344,-0.0006287193625391652,0.0004714308842414344,shuffle,10,-0.00011095047574216643,-0.0003698349191406658
PLD2,0.6623070974683118,0.6625256362841677,0.000272830625406562,-0.0002185388158558732,0.000272830625406562,shuffle,10,0.6660054466597183,0.6661163971354604,0.00030335705970366,-0.00011095047574216643,0.00030335705970366,shuffle,10,-0.00011095047574216643,-0.00016474464579901982
ERC1,0.6623070974683118,0.6624214100796826,0.0005889402222949268,-0.00011431261137073712,0.0005889402222949268,shuffle,10,0.6660054466597183,0.6666913223279427,0.00032569360288640584,-0.0006858756682244227,0.00032569360288640584,shuffle,10,-0.00011431261137073712,-0.0004000941397975799
PYY,0.6623070974683118,0.6625693440473388,0.00020273426932968877,-0.000262246579026959,0.00020273426932968877,shuffle,10,0.6660054466597183,0.6661231214067176,0.00017486337792351018,-0.0001176747469993078,0.00017486337792351018,shuffle,10,-0.0001176747469993078,-0.0001899606630131334
VHL,0.6623070974683118,0.6624920149278823,0.0001278053848552535,-0.00018491745957049943,0.0001278053848552535,shuffle,10,0.6660054466597183,0.6661332078136033,0.00011915439025431003,-0.00012776115388501985,0.00011915439025431003,shuffle,10,-0.00012776115388501985,-0.00015633930672775964
GLIDR,0.6623070974683118,0.6625222741485391,0.00037775804472147225,-0.00021517668022730252,0.00037775804472147225,shuffle,10,0.6660054466597183,0.6661399320848603,0.00030482538968210884,-0.0001344854251420502,0.00030482538968210884,shuffle,10,-0.0001344854251420502,-0.00017483105268467636
SLC35B4,0.6623070974683118,0.6625727061829674,0.00025975625742821615,-0.0002656087146555297,0.00025975625742821615,shuffle,10,0.6660054466597183,0.6661601048986315,8.920753899353352e-05,-0.00015465823891325226,8.920753899353352e-05,shuffle,10,-0.00015465823891325226,-0.00021013347678439098
TCHP,0.6623070974683118,0.6624651178428537,0.00024200371062673513,-0.00015802037454182294,0.00024200371062673513,shuffle,10,0.6660054466597183,0.6664089029351443,0.0002946428040239021,-0.00040345627542603957,0.0002946428040239021,shuffle,10,-0.00015802037454182294,-0.00028073832498393125
CCDC144B,0.6623070974683118,0.6625558955048246,0.0008306856740876927,-0.0002487980365127873,0.0008306856740876927,shuffle,10,0.6660054466597183,0.6662374340180882,0.00017627982017844127,-0.0002319873583699339,0.00017627982017844127,shuffle,10,-0.0002319873583699339,-0.0002403926974413606
ZC2HC1A,0.6623070974683118,0.6625424469623105,0.0004883784099228002,-0.0002353494939986156,0.0004883784099228002,shuffle,10,0.6660054466597183,0.6662609689674881,0.00026609768937107663,-0.00025552230776981766,0.00026609768937107663,shuffle,10,-0.0002353494939986156,-0.00024543590088421663
P2RY11,0.6623070974683118,0.6625592576404532,0.0003413023094312404,-0.000252160172141358,0.0003413023094312404,shuffle,10,0.6660054466597183,0.6662710553743738,0.0003550039510684898,-0.0002656087146555297,0.0003550039510684898,shuffle,10,-0.000252160172141358,-0.00025888444339844385
ATE1,0.6623070974683118,0.6625693440473389,0.00032935203298277573,-0.00026224657902707005,0.00032935203298277573,shuffle,10,0.6660054466597183,0.6663752815788588,0.00030704233081614395,-0.0003698349191405548,0.00030704233081614395,shuffle,10,-0.00026224657902707005,-0.0003160407490838124
OR10D1P,0.6623070974683118,0.6625827925898531,0.00018646975253152292,-0.00027569512154124176,0.00018646975253152292,shuffle,10,0.6660054466597183,0.666321487408802,0.00018791902111395833,-0.0003160407490837569,0.00018791902111395833,shuffle,10,-0.00027569512154124176,-0.00029586793531249933
MPND,0.6623070974683118,0.6625827925898531,0.0005758583617256222,-0.00027569512154124176,0.0005758583617256222,shuffle,10,0.6660054466597183,0.6665736475809434,0.0004330373261410673,-0.0005682009212251149,0.0004330373261410673,shuffle,10,-0.00027569512154124176,-0.00042194802138317833
ZNF662,0.6623070974683118,0.6625928789967387,0.00043740079451495617,-0.0002857815284268428,0.00043740079451495617,shuffle,10,0.6660054466597183,0.6664492485626871,0.00021253378111527367,-0.00044380190296877675,0.00021253378111527367,shuffle,10,-0.0002857815284268428,-0.00036479171569780977
FLJ40292,0.6623070974683118,0.6626365867599098,0.00041609060294938935,-0.0003294892915979286,0.00041609060294938935,shuffle,10,0.6660054466597183,0.6663114010019164,0.00015366835735501234,-0.00030595434219815587,0.00015366835735501234,shuffle,10,-0.00030595434219815587,-0.00031772181689804224
SEPTIN4,0.6623070974683118,0.6626433110311669,0.00017917375643982414,-0.00033621356285507,0.00017917375643982414,shuffle,10,0.6660054466597183,0.6665635611740577,0.00022413116783781068,-0.0005581145143394028,0.00022413116783781068,shuffle,10,-0.00033621356285507,-0.0004471640385972364
UQCRQ,0.6623070974683118,0.6626533974380526,0.00032875085272955715,-0.00034629996974078203,0.00032875085272955715,shuffle,10,0.6660054466597183,0.6664963184614867,0.0002773303382617994,-0.0004908718017684333,0.0002773303382617994,shuffle,10,-0.00034629996974078203,-0.00041858588575460765
ARCN1,0.6623070974683118,0.6631913391386208,0.000613172797838894,-0.0008842416703089828,0.000613172797838894,shuffle,10,0.6660054466597183,0.6663685573076018,0.0002333234922220049,-0.00036311064788352443,0.0002333234922220049,shuffle,10,-0.00036311064788352443,-0.0006236761590962536
GPAT4,0.6623070974683118,0.6628349527619944,0.0007900732582711499,-0.0005278552936825998,0.0007900732582711499,shuffle,10,0.6660054466597183,0.6664660592408297,0.0004740611236257316,-0.0004606125811114081,0.0004740611236257316,shuffle,10,-0.0004606125811114081,-0.0004942339373970039
IRAK1,0.6623070974683118,0.6630232323571933,0.00038424076972274864,-0.0007161348888814478,0.00038424076972274864,shuffle,10,0.6660054466597183,0.6666408902935144,0.00019456862180990418,-0.0006354436337960845,0.00019456862180990418,shuffle,10,-0.0006354436337960845,-0.0006757892613387662
IGFBP5,0.6623070974683118,0.6632619439868204,0.0005782873281108178,-0.0009548465185085231,0.0005782873281108178,shuffle,10,0.6660054466597183,0.6672527989779108,0.0002729134771015808,-0.0012473523181925072,0.0002729134771015808,shuffle,10,-0.0009548465185085231,-0.0011010994183505152
