gene,mean_gate_score,std_gate_score
FGF2,0.7904984,0.091650374
TRIP6,0.7440036,0.09598146
SULT1E1,0.7298202,0.11451317
PSAP,0.72554266,0.13039707
LOC389834,0.7250135,0.119775206
CNGA2,0.72374153,0.1032776
REG1A,0.721626,0.117858745
CYB561D2,0.71922,0.112070136
PDCD2L,0.7188733,0.10433541
APBA1,0.7182166,0.11758822
CD163,0.71657854,0.111384615
IRAK1,0.7164152,0.103073984
MEFV,0.71611285,0.10955906
TMEM236,0.71449953,0.10596512
PCDHGA9,0.71008897,0.13032858
NUMB,0.70915526,0.12953995
AGFG1,0.7086577,0.1022159
ARCN1,0.7073719,0.119427145
SUGT1P1,0.70516336,0.12619409
ABCA12,0.7039809,0.13512163
ZSCAN1,0.70345306,0.105835095
FAM9C,0.70248425,0.11323364
C19orf44,0.7013262,0.11638968
ADGRF3,0.69987655,0.11137865
ZNF679,0.6989945,0.087317534
CXorf1,0.69873244,0.13109249
TTTY2,0.6971008,0.16973072
ANP32E,0.6943915,0.112651646
CCDC89,0.6932721,0.12908383
KCNA10,0.6920295,0.12773307
WNT7A,0.691299,0.13247918
C17orf97,0.6895418,0.1007057
SLC36A3,0.68868893,0.12750755
SRGAP1,0.6880642,0.11604887
GLI2,0.6874865,0.09952905
SIGLEC17P,0.68684936,0.122058176
CCNQ,0.6860866,0.11021074
PSMD8,0.68527734,0.123605065
ZBTB14,0.68508786,0.1242273
ACSM5,0.68435407,0.1372216
CD3G,0.6838347,0.113587834
SERPINE1,0.68378204,0.114277154
PYY,0.6825446,0.123238035
DEPDC7,0.6823912,0.1154356
GOLGA6L5P,0.6807133,0.10441838
SMIM17,0.6801891,0.09724218
SURF2,0.6800559,0.10871448
RIF1,0.6799192,0.14210932
PBX4,0.679904,0.13787436
SLAMF6,0.67947704,0.15923195
PROX1,0.67855096,0.11150805
DSG3,0.67844325,0.11604234
HP1BP3,0.6780857,0.102738924
RFT1,0.6780284,0.11120679
FAM86C2P,0.6773684,0.12446235
NISCH,0.6763888,0.10930873
SPATA22,0.6761727,0.114762105
SLC35B4,0.6753396,0.11496137
BOLA2,0.6751641,0.108622566
AP5Z1,0.675084,0.12552227
NPY6R,0.67494166,0.10255228
H2BC7,0.6747073,0.1048061
CCDC144B,0.67458236,0.12661768
GLIDR,0.67439467,0.122543976
VWC2L,0.67402744,0.11686506
JAG2,0.67285705,0.103650734
LPAL2,0.6727995,0.10744141
CD200R1L,0.6718164,0.107440256
FLJ40292,0.6697802,0.1286806
ZNF563,0.6695587,0.117086306
RBP1,0.6691834,0.11668377
OPHN1,0.6684289,0.09623375
DBH,0.66808504,0.10898314
GRIP2,0.6677896,0.11782691
AGTR1,0.66763973,0.13320465
REEP5,0.66730976,0.10393808
CCNC,0.6672661,0.1304199
NANOS3,0.6672128,0.103809014
STK33,0.6671614,0.12889972
WDCP,0.66635966,0.10435061
DCAF4L1,0.6663475,0.12665728
TCEAL1,0.6663271,0.13010348
GNRHR,0.6662319,0.11300883
TEKT3,0.6660941,0.14154056
PARN,0.6660102,0.12990703
GSG1,0.66487324,0.11604757
ITPRID2,0.6638764,0.14024748
LOC644617,0.66304743,0.14635445
CNPY2,0.6627224,0.119025856
PTPN22,0.6624152,0.12727821
MAP7D2,0.66202635,0.11082697
EPM2A,0.6616164,0.17452644
NKX3-2,0.6611299,0.14091541
SPINLW1,0.6606452,0.13235255
TMEM150A,0.66027457,0.108208455
LOC256483,0.6600606,0.10755791
UQCRQ,0.65985274,0.119070135
MSMP,0.65966266,0.16200984
GNA12,0.65910167,0.13237792
PROSER3,0.658491,0.13831948
UCN2,0.65787196,0.13561496
NXF1,0.65773636,0.120844625
ALDH3B1,0.6576331,0.1287232
ZNF503-AS2,0.65717846,0.11552882
MIR3142HG,0.6569222,0.12216188
SLCO1B7,0.6565034,0.10898417
PROZ,0.6563438,0.0992476
FANK1,0.6563317,0.12985356
TGIF2LX,0.655962,0.09714923
LINS1,0.6557119,0.15006359
TRIML2,0.65505135,0.106293954
LOC100288238,0.6549628,0.11253152
MIRLET7BHG,0.65453905,0.097693175
KIDINS220,0.65442073,0.11288898
LOC100132481,0.6543754,0.1806807
OR2L1P,0.65422857,0.13277055
LINC02817,0.6540407,0.1646037
SNRNP40,0.6531948,0.1113177
KLRC1,0.6519397,0.12350554
PTGS1,0.65184,0.13019985
NKX6-2,0.65146315,0.14373285
DDX19B,0.6510219,0.123228736
ARSI,0.65091354,0.124516256
RAB39B,0.65029955,0.09347706
GPR139,0.6497566,0.117750764
MARCHF10,0.64919174,0.12216767
DPY19L2P4,0.64859015,0.11584319
SCN1A,0.6480547,0.116516896
CMIP,0.64742535,0.1277335
BAZ2A,0.6470028,0.09160854
NPIPB13,0.64689666,0.13724248
PROSER2,0.6466697,0.13159092
GLRA3,0.6466219,0.15033977
MGC24103,0.6464718,0.108151786
LINC01116,0.64628,0.11462285
ATE1,0.64599776,0.12516129
ZC3H3,0.6454895,0.10252399
TBX20,0.6449301,0.114791095
ZBP1,0.6448957,0.14328355
ITGAL,0.64371794,0.14295894
OR6A2,0.6434923,0.12557565
TCN1,0.64250404,0.1321137
FXR1,0.6420234,0.15926406
MYMK,0.64180064,0.12703544
RYK,0.64175314,0.1452183
OVCH1,0.6414681,0.11290054
DCST1,0.64145195,0.12715131
CYBC1,0.6407003,0.1334923
FAM151B,0.640494,0.12858202
CSPG4,0.64035094,0.11123906
NADSYN1,0.64001197,0.13106118
FILIP1,0.6399407,0.11992306
MRPL58,0.63966304,0.16419217
CDC20B,0.6393062,0.11564864
SPATA4,0.6386239,0.1809525
RNF135,0.6384941,0.17435046
LINC01667,0.6384494,0.13346969
MRPL27,0.6381343,0.11776137
TULP1,0.63784784,0.11747128
LINC00652,0.6378296,0.13885318
NAP1L2,0.63777626,0.101239204
LINC01364,0.6377343,0.11152653
TRIM34,0.63763815,0.119245045
EAF2,0.63761204,0.10653273
MAP1B,0.63756114,0.1359395
PHTF2,0.63723874,0.09617336
CASKIN1,0.6363892,0.14274225
LYL1,0.6360534,0.113588534
BFSP2,0.6358139,0.14911625
CLDN25,0.63571894,0.12895262
PRPH2,0.63527066,0.1444407
YIPF1,0.63517165,0.112371236
OR10S1,0.6350442,0.0955431
MPND,0.63488543,0.1041323
TPM4,0.6348765,0.12270296
PTPRN,0.63456964,0.119301386
CASP12,0.63452065,0.10884168
TM4SF20,0.63367945,0.112084545
OR51I1,0.63360906,0.10472811
DHX34,0.6335232,0.13483597
SFXN2,0.6334462,0.15375862
C20orf194,0.63332546,0.14338756
NASP,0.6331258,0.11563278
BICRAL,0.63310295,0.11414756
LMNB2,0.6330087,0.09397903
CAMSAP2,0.632986,0.11198673
ZSWIM2,0.6329635,0.12597513
STX12,0.63280666,0.10872582
GRIN1,0.6327105,0.115864195
EPHA5,0.6325049,0.10589969
NLGN4Y,0.6324892,0.13666569
NEXN-AS1,0.6320851,0.13082938
C17orf107,0.63204324,0.12826876
LINC02995,0.63188237,0.12460492
VRK2,0.63168037,0.096688166
TRPV5,0.6316607,0.10450112
CAGE1,0.6314862,0.1276939
AFM,0.6313991,0.12600535
CARD18,0.63124204,0.13656709
CARD6,0.6307608,0.11720402
GALNS,0.6307141,0.15439674
KRTAP2-3,0.63068193,0.1083144
FSHB,0.6304413,0.13537368
CYS1,0.6304132,0.1397676
DOP1B,0.629772,0.10557191
LOC100130051,0.6297312,0.122565955
MIP,0.6294941,0.122322895
GPAT4,0.629444,0.16011982
GAB4,0.6294345,0.109105796
THOC3,0.62890816,0.144847
HEXB,0.628317,0.11450752
CDO1,0.6281893,0.1266252
GSTA5,0.6281856,0.104471125
IAPP,0.628032,0.10506481
SPARCL1,0.62780654,0.108341135
C6orf15,0.6277329,0.13342309
IFI6,0.6273348,0.16022678
DDX50,0.62719864,0.1079945
DCAF12L2,0.62716275,0.123297185
SLC5A12,0.62695706,0.13260905
SRPRA,0.6268986,0.12447335
SDF2L1,0.6268861,0.12874131
PRAF2,0.6266358,0.1429174
PLEKHA2,0.62638515,0.086858384
RCAN2,0.6262212,0.13026704
TRDV2,0.62617546,0.12285255
CSAD,0.62586856,0.1263637
CPED1,0.6258655,0.12523834
ZNF773,0.625777,0.13431226
GABRG2,0.6256516,0.14929318
LOC100129233,0.62531537,0.11368961
CDV3,0.62511396,0.13069901
TRPA1,0.6248988,0.12158347
IGFL3,0.6248429,0.11003508
DDIAS,0.62469834,0.10970511
RHBDL1,0.6246743,0.17877671
HAS3,0.6246735,0.19180255
TGS1,0.6246184,0.11008574
SERF1B,0.62459254,0.14237672
GSDMB,0.62446284,0.1093324
CYP4A11,0.6242345,0.15333751
APOA2,0.6238298,0.13403751
MIR600HG,0.6238107,0.12545091
ARHGAP32,0.6237844,0.14008665
FAM149A,0.6235934,0.1008668
ADAMTSL1,0.62348694,0.12255481
OR4X1,0.6234148,0.12094992
ZFY,0.62256056,0.11298713
ANKRD28,0.62253886,0.15067266
PRRG3,0.62182826,0.12198685
ANAPC13,0.62180424,0.099272005
METTL21EP,0.6213573,0.16449532
ZNF436-AS1,0.62119997,0.14769265
THBD,0.62109274,0.12912507
CCDC158,0.6209178,0.08983809
SGCA,0.6208988,0.1162536
GOLGA6L2,0.62086457,0.107882306
DAG1,0.62080264,0.16051596
WDR75,0.62054145,0.11733178
PIK3C2A,0.62047523,0.13185582
TRPC5OS,0.62047195,0.10151937
ELK1,0.62024724,0.1255544
ZNF354C,0.620067,0.10759056
MMP19,0.6198749,0.09288465
BLCAP,0.6197138,0.09913408
ARL5C,0.6195307,0.1178069
NUB1,0.6194968,0.122200504
MDFI,0.61921865,0.11469345
SYDE1,0.61919266,0.09929023
SORD,0.6189996,0.15018268
ORC3,0.6189239,0.1063089
PEX1,0.6184192,0.1386068
OR2A20P,0.6181889,0.12597312
USP40,0.6181595,0.12952949
PDE7B-AS1,0.61798686,0.117131904
FDPS,0.6178676,0.14603782
TUBA1B,0.6176752,0.11971297
FBP2,0.6176651,0.109428056
NPC1L1,0.6176256,0.1494188
RPL13A,0.61755246,0.12803073
LINC02913,0.61749804,0.16391812
NOTUM,0.6171685,0.12586588
PPP4R1,0.6169516,0.1588773
KIFC2,0.6166465,0.13233584
LOC646484,0.6165703,0.113353066
GPRC5D,0.6165274,0.12091645
LRRC61,0.61650306,0.17183037
GPX2,0.616467,0.13810714
LACTB2,0.6161459,0.15133516
MED13L,0.6160106,0.12379843
BAIAP2-DT,0.6157684,0.116363496
LAPTM4A,0.61559117,0.10390871
RPS28,0.61557764,0.11647717
ABRAXAS2,0.615472,0.100817665
RAB35,0.6151874,0.12599966
FAM75D3,0.6150635,0.10263495
LRP5,0.6148175,0.12733649
MROH1,0.61481464,0.16065563
DEFB103B,0.61479694,0.13282913
C4B,0.6146741,0.15412967
TTPA,0.61459047,0.13767307
HNRNPDL,0.6142078,0.12550175
PRKCSH,0.61390454,0.13617307
SCGB2B2,0.6136598,0.13877209
FBXL19,0.6134243,0.1262832
BAG3,0.6130972,0.14905532
FAM3A,0.6127814,0.110993765
DUSP19,0.6127074,0.11728465
CDC73,0.6121318,0.09250708
DENND5B,0.61207515,0.16642274
PP2D1,0.6119741,0.110911496
ZNF233,0.61161983,0.15989968
KIR2DS5,0.61157453,0.14916618
GAB3,0.61145335,0.1127095
CEBPG,0.6113626,0.12318558
OR6C68,0.6112928,0.12088923
PCSK2,0.610976,0.10741821
MGC27382,0.61082625,0.12272684
CLEC4M,0.6106021,0.15156214
XPOT,0.61047953,0.1189944
CAPN11,0.610369,0.099311806
H1-4,0.61019313,0.14540401
PRKCQ,0.61015034,0.1819308
TM4SF19-TCTEX1D2,0.61007965,0.14191392
VHL,0.61003906,0.11906876
PCDHGB2,0.6099724,0.15114118
KRT38,0.6099507,0.13030672
UBE2D3,0.60990274,0.19506186
ZNF444,0.60975444,0.11890089
KCNJ5,0.60942876,0.1332925
CASP2,0.6090838,0.16244996
MAPK10,0.6089425,0.10626111
PPIL3,0.6088544,0.112779275
FUT10,0.6088526,0.188768
OGN,0.6087331,0.128313
UNG,0.6087046,0.09911385
CT55,0.6087042,0.12936611
MAF1,0.6083105,0.10529883
KCNIP3,0.60828614,0.14013539
DNAH7,0.608282,0.10487587
PJA2,0.60822654,0.124016024
OR4F21,0.6081737,0.17807895
CCDC105,0.6081404,0.14399627
MINPP1,0.60770434,0.13493143
EIF1AX,0.60764116,0.10371502
GALNT8,0.607624,0.14884822
FAR2,0.6074621,0.14771476
CRACR2A,0.6074176,0.09927132
PPDPF,0.6073262,0.1123731
FGFBP2,0.60690194,0.09644289
LOC162137,0.6068797,0.16834949
CD96,0.6064729,0.11013783
ISOC1,0.6063468,0.14079131
GPR6,0.60633564,0.12833881
CSN1S1,0.6059153,0.1480728
C2orf84,0.60578966,0.099947795
CD177,0.6057078,0.12955889
DOLPP1,0.605568,0.09654092
ABHD17C,0.6055608,0.1194592
LOC401442,0.60554296,0.105510175
AGR2,0.6055397,0.16791068
PTRH1,0.6054444,0.13707162
CAMKMT,0.6053857,0.124473326
HAPLN2,0.60505855,0.0953708
DAAM1,0.6050342,0.1119294
EFCAB4B,0.6049833,0.12531237
DZIP1L,0.6049114,0.14811057
SFRP5,0.60489994,0.11573578
WDR1,0.6047432,0.14459209
IRF3,0.60473293,0.10973905
PRSS3,0.60434216,0.14462863
ZNF98,0.604317,0.124507666
MARCHF11,0.60430837,0.12800272
DSCR9,0.6042833,0.11653384
ELOB,0.60420406,0.13628705
PNP,0.6041203,0.14104058
VKORC1,0.6041193,0.109192625
CTRC,0.60408425,0.10924831
AGRN,0.60401034,0.11823689
SLC6A14,0.6037794,0.122026816
AK125594,0.603734,0.12403339
NIN,0.60353935,0.098547846
NFATC2,0.60345143,0.132271
HAAO,0.60344875,0.10853041
DBT,0.60344857,0.107867055
TUBB2B,0.60322607,0.11619285
NUMBL,0.60281265,0.12691905
USP44,0.60279137,0.12108629
LINC01094,0.6027098,0.09115747
FLJ16734,0.6016013,0.14354666
GRASP,0.60150737,0.172664
GADD45A,0.6014419,0.109680146
AUTS2,0.60143614,0.120155714
ZFYVE28,0.6012999,0.10406027
FBXO22,0.60119087,0.13479115
CREG2,0.60105085,0.13586657
TERF1,0.60100704,0.09352825
FUCA2,0.6009601,0.1252568
TUBB4A,0.60089546,0.1263369
PTH1R,0.6007949,0.12983303
TCHP,0.6006501,0.13299294
PMCH,0.6003174,0.13101591
WDR97,0.59999055,0.11694513
PLCE1,0.5999816,0.14259508
GSK3A,0.59979415,0.15519233
ZBTB37,0.59971917,0.12345119
ME3,0.59969735,0.19794394
IP6K1,0.5994196,0.16031194
IL12RB2,0.5993994,0.10231233
PLEKHN1,0.59934497,0.13789795
C19orf18,0.5993011,0.15070899
ABLIM3,0.5991279,0.14089899
IL1RN,0.59906715,0.10345765
NACAD,0.59902304,0.11409359
RAG2,0.59886694,0.12372775
SLC25A19,0.59886336,0.1453367
DKK1,0.5987882,0.12552105
TBCC,0.59878254,0.099162914
NUP88,0.5987003,0.12453227
CRYBA1,0.59857875,0.14567761
CACNA1B,0.59855765,0.10676152
GCNT2P1,0.59844387,0.11176679
COPZ1,0.5984059,0.12697704
HSF2,0.5983309,0.17982006
C11orf71,0.5982526,0.14230795
COL21A1,0.59811795,0.12372807
GAL3ST2,0.59781045,0.17058437
PLA2G2D,0.5975781,0.15653098
SEPTIN4,0.5975347,0.12494806
SUMO3,0.5975279,0.12046286
ZNF493,0.5974368,0.12557054
UTP23,0.59717584,0.118927546
TC2N,0.5971365,0.12938452
TRIM15,0.5971043,0.15431295
FAM218A,0.5968892,0.14233273
CLIC6,0.59679615,0.12144693
C3orf56,0.5965751,0.13038248
CST8,0.59647536,0.15554637
CRYGA,0.5961971,0.1206579
LINC00965,0.59617513,0.13882214
F13B,0.59609365,0.1709333
MED23,0.5960924,0.119398676
ECD,0.5958599,0.13559262
ZFP82,0.59546196,0.15414226
CDC27,0.5954169,0.124409735
TRPM4,0.5953813,0.10793663
HNRNPAB,0.5950745,0.1327781
ALPI,0.5950008,0.15918085
CSMD2,0.59499466,0.112688996
CLCF1,0.5947886,0.15348196
OR10D1P,0.59470475,0.18427415
SULT1C4,0.59466755,0.17009519
PDE4B,0.59462154,0.13953593
TSPEAR-AS2,0.59447503,0.11348439
NFE4,0.59405595,0.10289839
LOC646999,0.59390014,0.11900167
RALGPS1,0.593847,0.13108578
PTF1A,0.59370404,0.15069638
SOWAHC,0.59356695,0.1138866
MBNL2,0.5932876,0.10941721
ORMDL3,0.59327596,0.12349907
PLGLB1,0.5931743,0.15420437
PVALB,0.5931263,0.1434364
EVC,0.5931257,0.12669598
ZDHHC7,0.5931096,0.17750345
P2RY11,0.593102,0.123661466
DGCR6L,0.5929808,0.15559813
PCDHGB3,0.5929804,0.17237791
CPT1A,0.5928486,0.123415664
PPP1R11,0.5928365,0.117878765
ATP6V1B2,0.5926703,0.16295867
DCBLD1,0.592625,0.11321139
NNT,0.59233314,0.11177479
TMPRSS11E,0.5921986,0.12024678
LRCH4,0.5921276,0.13585591
GPR155,0.5920748,0.11472688
MEF2BNB,0.5920234,0.16301243
ALG14,0.5920009,0.118850626
YPEL2,0.59185624,0.15858036
CASC1,0.5917866,0.12700024
IRF6,0.5917749,0.15650302
SSR4,0.5916592,0.15863506
SPACA9,0.5915223,0.10901684
SNAI1,0.59147406,0.093341485
ACTC1,0.59145683,0.12511851
LOC219690,0.5914473,0.14936884
B3GNT3,0.5914272,0.1274919
PRRT4,0.5912585,0.20205215
RTL1,0.59107906,0.15609156
CLDN19,0.59100604,0.13272117
GDF5,0.5909366,0.11424009
PLN,0.5906886,0.13675115
TERB1,0.5905929,0.11141303
TP53INP2,0.5905344,0.1235433
TREML3P,0.59045166,0.12539598
MT1A,0.5904442,0.13777056
GDF15,0.5903611,0.108119704
MYL12BP2,0.5903556,0.16421585
RAD23A,0.59006476,0.11612413
NR0B2,0.5898919,0.115016505
PIP5K1B,0.58988667,0.10575897
KLHL41,0.58962816,0.11500939
GATA4,0.58961016,0.12578827
DCLK2,0.58946294,0.13264473
RPL9P11,0.58945113,0.121954985
HCG4B,0.5893937,0.10484511
GORAB,0.58926296,0.13385768
SPRY3,0.5892324,0.13474837
LOC150005,0.58911496,0.1180692
PLVAP,0.58909863,0.12127814
PHF12,0.58888394,0.105923064
PEX5,0.5888094,0.14215092
NPDC1,0.5887564,0.11623976
EIF2AK4,0.5887305,0.14340156
LINC00115,0.58871007,0.10513121
LOC644285,0.58847636,0.14299417
AX748125,0.58816874,0.121034935
DDX18,0.5881218,0.13960838
FAT1,0.5877791,0.103164755
GNA13,0.58770216,0.09226552
TMEM63A,0.5875769,0.11455472
ABCC8,0.58753663,0.14070843
H3C8,0.58751696,0.1245563
LOC728316,0.58745646,0.117343396
TEX43,0.587314,0.11996629
FAAP100,0.58728194,0.11103824
HOXD11,0.5872647,0.09869085
HSFX1,0.58714265,0.12920573
GTDC1,0.5869136,0.12555766
SLC5A3,0.5868307,0.12282011
FLJ20021,0.5868074,0.15476201
MYL3,0.58679664,0.14189167
MTCH2,0.5867931,0.097444035
NFIC,0.58667445,0.16909355
OGG1,0.5865564,0.11406917
TAF10,0.5862194,0.124861926
ERMP1,0.5861928,0.11336681
ST6GALNAC1,0.5861596,0.11199594
SOX6,0.5859282,0.12017743
TKTL2,0.5858297,0.11072509
LRRC32,0.58582747,0.10609329
CUEDC2,0.5857032,0.1467576
FRG1,0.58549076,0.12029646
TSNAXIP1,0.5853546,0.13413662
NKX2-2,0.5853264,0.101932585
RAB28,0.58507484,0.10963176
PCDHAC1,0.584981,0.15482643
SMPDL3B,0.58488506,0.1434821
ZNF700,0.58472794,0.11014868
SPATA6,0.5846175,0.11090318
SYTL3,0.5846055,0.09594873
PIP4P2,0.5843662,0.10829413
RNH1,0.5842591,0.13099182
H1-7,0.5842466,0.12642209
NDC1,0.58411205,0.11619531
PIGB,0.5841059,0.14303033
STX1B,0.5840865,0.10803023
HELZ2,0.5840627,0.100605085
QARS1,0.5840238,0.13093473
RRP7A,0.583754,0.11869466
SHF,0.58372587,0.1191376
SLC13A1,0.58361715,0.08325789
TRAPPC6A,0.58361363,0.15890612
NDUFB2,0.5831921,0.12483413
LOC646471,0.5831414,0.11792572
TNKS,0.58296233,0.10793946
CDC20,0.58294463,0.13195233
MCAT,0.5828833,0.095529184
RPS6KC1,0.5828494,0.14977363
NDFIP2,0.58279157,0.14249973
CDH6,0.5827204,0.17578143
FKBP9P1,0.5826986,0.114211395
KRT81,0.5824052,0.1734406
PDLIM7,0.58240294,0.12932608
MTBP,0.58234435,0.11576067
TPH1,0.58231294,0.12259789
NCOA4,0.5823013,0.10270293
SFTPA2,0.58225226,0.15001535
ACP4,0.58209336,0.09207836
DNALI1,0.5819334,0.14947149
ATP5PB,0.5818775,0.12543586
EBF1,0.5818661,0.14129542
SUMO1P1,0.5816095,0.12917057
FAM70B,0.58156556,0.115738295
ST7-AS1,0.5815612,0.122543044
HLCS,0.58153254,0.10951159
PIGH,0.5815063,0.10496662
MRPL23,0.5814794,0.10522807
DNAH10OS,0.5814665,0.13433212
CBR3,0.5814498,0.13760544
LRRC8D,0.5813615,0.15701665
HAND2,0.58132285,0.15958126
DNAH11,0.5812998,0.12866522
SPATA31A6,0.5812917,0.12140476
E2F3,0.5812858,0.12721717
MAGEA11,0.58104324,0.11371144
EXD2,0.5808634,0.15234727
NAMPT,0.5805764,0.1226624
CLN6,0.58032596,0.12593962
H19,0.58024824,0.1281737
ZNF536,0.5800809,0.14285026
TEX36,0.579938,0.117716804
LDAH,0.5799186,0.12823454
EIF4ENIF1,0.5797282,0.10979584
TRPM2,0.5795835,0.11697462
ERCC4,0.5795829,0.109950095
CD40LG,0.57957226,0.11725589
KLHDC3,0.57955724,0.13551179
C5orf24,0.5795452,0.1793319
AK057317,0.5794016,0.10260347
C1QC,0.5794003,0.12349351
TMEM47,0.5790828,0.11215128
SARS2,0.579073,0.11417564
DMXL1,0.5790292,0.11211537
GALNT18,0.57893133,0.1356821
C1orf100,0.57881045,0.12565878
DEFB1,0.5787939,0.11709817
WBSCR20C,0.5787665,0.1332523
EIF5B,0.57869154,0.10387922
EXTL2,0.5786516,0.12697901
IQSEC2,0.5785555,0.12415547
MLLT4,0.5785327,0.13875014
VPS52,0.5785223,0.12124154
SLC22A14,0.5785046,0.12968752
OR1J2,0.5784756,0.17865697
CPLX3,0.57842433,0.1514437
BRIX1,0.57808447,0.12884742
RETN,0.57803553,0.1034756
LINC02911,0.5780227,0.14272863
GRB10,0.5779249,0.13722938
CENPX,0.57788867,0.14125924
RPL13AP17,0.5778624,0.12272373
WNK1,0.5778318,0.14014693
QPRT,0.5778251,0.15556298
TBC1D2B,0.577792,0.1965271
NCF2,0.57777554,0.13855886
ACSM3,0.5776992,0.1333842
SNORD34,0.5775525,0.12011266
CDCA8,0.5774963,0.17805548
UGT1A1,0.5773608,0.12874086
ACTR3BP5,0.5773594,0.10833404
LEMD1,0.5773441,0.13931909
YWHAEP7,0.57728845,0.13340594
SHKBP1,0.57720757,0.1424618
GRIN2A,0.5771833,0.14763924
MED19,0.57697606,0.12924352
ZNF16,0.57693905,0.1437853
TMEM179,0.57692057,0.11429002
FAM86A,0.5767636,0.08744668
CENPM,0.5767521,0.14509317
POU5F1,0.5767031,0.13100483
SPOCK3,0.5766657,0.10194754
CRIP3,0.5766307,0.15645154
TCEAL4,0.5765252,0.14738443
BCL6B,0.5765016,0.09306781
NUTM1,0.5764485,0.14178991
VOPP1,0.576406,0.15584266
FERD3L,0.5763965,0.10684143
IGSF11,0.576352,0.11458168
LINC01184,0.57630616,0.14819919
TMEM220,0.5762183,0.14236546
DDX39B,0.57618344,0.17448123
FLNC,0.57601833,0.11602911
CCNI,0.5759687,0.1529321
TBC1D5,0.5759308,0.101321325
UBE2DNL,0.575771,0.13821432
LANCL3,0.5757688,0.1170512
LCE3B,0.5757373,0.11117849
RELL2,0.57568336,0.11396797
SF3A3,0.57558066,0.14452823
CACHD1,0.57555467,0.10080482
BAAT,0.57554,0.1839918
CDX4,0.5753546,0.115738794
DDA1,0.5751977,0.10756341
SPINK6,0.57516915,0.13367441
SLFNL1,0.57492715,0.15332521
F10,0.5748917,0.09946987
MARC2,0.57483137,0.110583015
SLC9B1,0.57476497,0.14338069
TBCB,0.574738,0.13660996
SMARCA2,0.57473564,0.11717865
NPTN,0.57461214,0.12763031
ZNF781,0.5745082,0.15384465
KRTAP10-4,0.57436365,0.12820067
LDB2,0.57415974,0.10136107
TRAPPC2,0.57396585,0.092195995
ASPN,0.5739316,0.14546904
CKMT1B,0.573866,0.12498318
SLC7A6OS,0.57380795,0.08571161
LACRT,0.57374233,0.17197233
CBFA2T2,0.57368255,0.12953414
LOC100288069,0.5736691,0.12532231
DAND5,0.57363206,0.15679681
NPC1,0.57354575,0.17392902
FUS,0.57352716,0.18924317
PTN,0.573346,0.10618579
COX8A,0.5733392,0.1315251
KIF13A,0.5731285,0.13866211
FAHD2B,0.5730435,0.12940608
VASH1,0.5729934,0.14617746
ATP13A4,0.57274336,0.128786
PDCL3P4,0.5725793,0.12740579
MMUT,0.5725265,0.15202457
NKX1-2,0.572466,0.12564191
NR2C2,0.5724311,0.16860186
LOC649133,0.57235694,0.122717045
MCM9,0.5722213,0.15336132
C11orf96,0.5721691,0.1296748
ADRB1,0.5720878,0.12164029
HCG27,0.5720104,0.10839583
NEFM,0.5720001,0.13770705
FSCB,0.5719916,0.122482546
SLC17A3,0.57197434,0.13092424
PLCB3,0.57196873,0.16806099
SPECC1,0.5719488,0.13619597
CATSPER1,0.5719485,0.14823483
LRRC27,0.57190764,0.11753614
CDHR4,0.5718877,0.14748093
LOC100131820,0.57178694,0.17024231
ZFP14,0.5717771,0.11780826
LINC01951,0.57169735,0.10922461
LOC100129408,0.571695,0.16664091
CCDC196,0.57161546,0.13255405
LIMS1,0.57157725,0.120540164
ZNF486,0.5715761,0.1578213
GAFA3,0.5714758,0.095636055
KMO,0.5714368,0.14521177
GDF11,0.57141197,0.12387683
SLC9A8,0.5713482,0.10010865
SOX8,0.57117623,0.12924047
KIAA0319,0.57100815,0.15307054
SETD9,0.5710025,0.1157281
ARHGDIG,0.5708819,0.12846027
HSPB3,0.57088083,0.1442396
CDKL4,0.57080644,0.14732361
DIMT1,0.5707825,0.18581527
MIR924HG,0.57077694,0.12035383
TRIP12,0.570739,0.1170951
CATSPERG,0.57060313,0.13760321
KLHDC7A,0.57059705,0.12593824
PHF20L1,0.57053775,0.12181532
SYP,0.570495,0.11512427
TMPRSS15,0.5703749,0.13264649
CCDC155,0.5702774,0.10274364
RHOXF1,0.57021916,0.114675984
BATF3,0.57016456,0.11528301
HOXC6,0.57015276,0.12661937
MRPL24,0.57013613,0.13874008
GDPD2,0.5700303,0.11284027
TSR2,0.56999815,0.14771803
AURKAIP1,0.5699822,0.1804349
CLDN1,0.5699583,0.10157861
FLG,0.5699487,0.14696145
FCRL2,0.56984115,0.121470034
KCNJ12,0.5696429,0.10244052
IFITM3,0.5696404,0.13611896
ANKRD24,0.5694874,0.14210455
C15orf56,0.56941813,0.09721837
SPEM2,0.56933993,0.11769042
LGALS1,0.56933385,0.16475809
RIT2,0.5693018,0.17269005
OR7G2,0.5692517,0.14614257
LRP2,0.5691767,0.10685819
NBPF10,0.5691006,0.13830756
ZNF234,0.5688914,0.12784298
PRRT1,0.5688395,0.1511187
LCLAT1,0.56883603,0.16221257
ALPK1,0.56876326,0.17749147
CCDC32,0.5687585,0.15284061
ZSCAN21,0.5685839,0.1376108
CEP83,0.56857365,0.12254146
UNQ9370,0.5685641,0.13766494
OLIG1,0.5684727,0.12190195
MAS1L,0.56835145,0.13049486
ANKRD33,0.56834894,0.116795145
PRSS3P2,0.56819594,0.09843849
DUX4L9,0.56815225,0.11814694
PSKH1,0.5680413,0.1388955
CFAP36,0.56775373,0.11280176
TDRD9,0.56772923,0.16110602
KIAA1569,0.56767035,0.13489155
SERPINB1,0.5676473,0.1713292
TRO,0.56752497,0.15765862
EVX2,0.5674761,0.12910205
PAPOLA,0.5672894,0.1032567
SRFBP1,0.5672765,0.12296872
CSNK1A1,0.56722426,0.11528562
TFIP11,0.5672111,0.12561257
CSTL1,0.5671651,0.13687499
RUFY1,0.56700337,0.15400368
EVI5,0.56695503,0.12658426
N4BP2L2,0.56693685,0.136099
METTL16,0.56691444,0.13537943
SHOC1,0.5666613,0.12180945
NTRK3,0.5666602,0.14010848
NQO2,0.566593,0.13620521
CPSF2,0.56648546,0.11830066
E2F8,0.5664669,0.12732483
SIGMAR1,0.56637895,0.114310555
NHLRC2,0.56623876,0.13396043
ENDOV,0.56619936,0.11854837
UTP18,0.5661139,0.11571532
IL12A,0.56589127,0.15698378
HHLA2,0.5658553,0.16454132
SINHCAF,0.5657791,0.12986593
TAS1R3,0.5656496,0.14791667
LINC00951,0.56544554,0.1009794
SETD2,0.5652751,0.13257162
PMS2,0.56524736,0.14944708
SLC34A3,0.56519705,0.09798441
FAM155B,0.56496155,0.11003888
POPDC3,0.5649435,0.126729
APOBEC3C,0.5647756,0.15214506
DDX53,0.56476647,0.15973477
TXN2,0.5647663,0.1546158
GOLGA6L3P,0.5647089,0.118220374
ANKRD23,0.5646669,0.12616086
GOLT1A,0.56460685,0.13771416
HYI,0.56456137,0.11536126
RRP1,0.56444806,0.12404549
FUZ,0.564397,0.13197628
C1GALT1C1,0.5643354,0.11390062
OSM,0.56429803,0.11434243
GTF2H2C_2,0.56399006,0.101841554
LINC02381,0.56398225,0.08645311
GSE1,0.5639789,0.18253891
AGPAT3,0.56397045,0.118841656
GALNT1,0.56396425,0.12058483
KRT25,0.5639319,0.13150747
STK32C,0.56389904,0.12006675
RPSA,0.56367385,0.14379725
ATP1B3,0.5636636,0.15457827
BDH2,0.5636511,0.103325635
NFE2,0.5635575,0.11063822
FGL1,0.5635446,0.12187923
OR1F2P,0.5634624,0.14918222
ESPN,0.5630086,0.12719104
SLC26A6,0.5629809,0.11367879
CXCL11,0.56296855,0.1618591
ZC3H4,0.56296366,0.16133325
DSC3,0.56291914,0.11396213
PACRG,0.5628668,0.12497558
ENPP3,0.56286633,0.15226752
H2AC15,0.56280595,0.13709025
CASC3,0.56273025,0.13462643
DNHD1,0.5626329,0.19087695
SLC38A2,0.56254536,0.16111176
LINC00997,0.56248206,0.11090363
NPPB,0.5624618,0.1473148
CDC42EP5,0.56243354,0.13205123
OBSL1,0.56240314,0.124594584
ACTG1P20,0.5622799,0.16817966
AGO4,0.56225353,0.12466521
CDCA2,0.5622071,0.12079936
RAB9B,0.56216526,0.13841857
SLA,0.5620772,0.13481767
FNDC7,0.5620319,0.13124049
SCAMP2,0.5617787,0.12518309
LSM3,0.5616899,0.14825566
ZNF546,0.5616307,0.12310515
RIC3,0.56162983,0.11346938
TSPO2,0.56157154,0.11319958
H4C8,0.56154853,0.12005599
KRTAP4-12,0.5615218,0.11058413
SURF6,0.56142735,0.11889472
TARS1,0.5613325,0.16881487
UBTD1,0.56132895,0.13090757
ADAMTS7,0.5611051,0.16090713
DEFB104B,0.5610614,0.15929106
OTUD6B,0.56098044,0.13063493
NINJ1,0.5609582,0.12123057
MGC4294,0.5608932,0.11148923
OR5AS1,0.56087637,0.13649355
TRIM71,0.56060666,0.10639244
GCSH,0.56044036,0.13869353
SLC5A4,0.56026536,0.13119416
TRIM6,0.5602386,0.124935105
HYAL1,0.5601516,0.13109007
C1QBP,0.5600349,0.15005103
P2RX3,0.55996794,0.15849987
TFE3,0.55990726,0.13893424
NPNT,0.5596628,0.11579272
SLC28A1,0.5596063,0.14021568
CHIC1,0.55954075,0.13187052
NUDT16L1,0.5594998,0.10160037
CMAS,0.55942434,0.11663297
GUF1,0.5592549,0.10858062
FAM104A,0.55917823,0.11761303
NLK,0.5590334,0.11496743
NACC2,0.5589374,0.10214828
ALX1,0.55890286,0.15722461
MYOZ1,0.55885804,0.14548789
TMEM41A,0.55885434,0.15380688
SNUPN,0.5587073,0.14767319
SCFD1,0.5587051,0.12825601
OR5M3,0.5586755,0.12677608
L3MBTL4,0.5586112,0.12068714
MORN3,0.5585382,0.17757861
C20orf181,0.5585178,0.15169941
GRIK3,0.5584744,0.14557818
SEC31A,0.5584394,0.13461486
SLC35G3,0.5584058,0.11146606
RASGRP3,0.55831695,0.14625864
VN1R2,0.5582756,0.17586288
GTF2A1L,0.55818933,0.10230665
RAB14,0.558145,0.12109081
ITFG2-AS1,0.5581278,0.09645167
SPINK5,0.55811864,0.15300632
PDZRN3,0.5580086,0.16393703
P2RX6P,0.55798656,0.13226882
CLCN7,0.55796605,0.09792245
DENND11,0.55795515,0.12485828
SFTPC,0.55790764,0.15402426
ZNF829,0.55764997,0.13832527
ERMARD,0.5576326,0.10646839
SHROOM3,0.55736566,0.09334875
TTI1,0.5573421,0.20103507
CIROP,0.55733466,0.117907874
RACGAP1,0.5573233,0.22215274
LIPK,0.5573151,0.16406962
MSRB3,0.55709326,0.13197733
PKP4,0.5569549,0.107987836
LINC01579,0.55678266,0.16215163
POFUT1,0.5567614,0.14549813
TPSD1,0.55668414,0.122032955
NAV1,0.5563905,0.12962031
RAD23B,0.55633265,0.14445083
INO80E,0.5562944,0.12923561
ISM2,0.5562247,0.13023685
C6orf185,0.55617726,0.11179479
SMURF1,0.5561681,0.17179413
SPINK14,0.55603975,0.11674892
FKBPL,0.55602545,0.10938855
RABGEF1P1,0.55596495,0.13206924
SNORD36C,0.55589217,0.11849104
MECP2,0.5557761,0.10467426
SYN2,0.55574805,0.18452367
OR5H6,0.5557127,0.16214952
ZFP69,0.55565405,0.12131457
CNTRL,0.55539894,0.15954569
C9orf27,0.5553133,0.1298902
NAV2-AS4,0.5552509,0.17094067
DDAH2,0.55520856,0.12798828
ADGRF4,0.55508345,0.12239271
AK022898,0.5549259,0.12836307
MIEF1,0.5544404,0.14733833
OR9A4,0.5544305,0.14292435
SAMD4A-AS1,0.55432814,0.15080458
GRAMD1C,0.5543064,0.12034552
TRIM17,0.55429864,0.14363793
MME,0.55429393,0.10394231
VPREB1,0.55413234,0.11708657
RTP3,0.55410135,0.10188376
IL16,0.55398095,0.121911444
CAPN7,0.553911,0.14700659
SEMA5B,0.55383575,0.14339104
LOC100131756,0.55372036,0.17764138
ACTR3BP2,0.55341774,0.15026572
PLEK,0.5533903,0.1198287
CACNA2D1,0.5532524,0.10391866
HEY1,0.5532188,0.15646523
GRK3,0.5532035,0.105438724
TGFA,0.55310655,0.12014602
KLRG1,0.5530475,0.098306105
FYTTD1,0.5530259,0.16478673
PDCD7,0.55301017,0.124478616
PNKD,0.55299866,0.13825564
SCAMP1,0.5529678,0.11476218
SPNS1,0.55296147,0.12834674
PTPN18,0.55291337,0.12296539
OR5V1,0.5528159,0.14826584
DEFB135,0.55272174,0.11889455
HS6ST3,0.5527046,0.12341407
SUN2,0.55262333,0.17869084
GNAZ,0.552622,0.11465352
SMIM26,0.5525044,0.12157129
RRP12,0.55248725,0.121411994
TRMT61B,0.5524702,0.14544573
HOXB13,0.55237687,0.14506818
FBXO34,0.55235344,0.13705109
MVP,0.5523303,0.12381608
CDK14,0.55229485,0.16254856
ERC1,0.55229163,0.13839202
CCDC102B,0.5522746,0.13466087
POM121C,0.5522475,0.11447843
RBBP8,0.5520912,0.11349809
GOLGA6C,0.5519909,0.10349645
LINC00312,0.551878,0.099538594
NFKBIB,0.55169594,0.12802279
SNORD100,0.5516004,0.14546332
PRX,0.5515633,0.13575359
GET3,0.551196,0.16480817
OR10C1,0.5511949,0.12263218
PSORS1C1,0.55109817,0.13556804
TRIM55,0.5510002,0.12075946
INCA1,0.550882,0.09693081
MGC57346,0.55087423,0.08599739
THSD7B,0.55078065,0.09991218
USP18,0.55060196,0.11724748
KRTAP26-1,0.5505754,0.13327564
GRIP1,0.5505468,0.13454664
IFI16,0.5505197,0.18570994
LOC389300,0.55038434,0.13529384
MTG2,0.55037665,0.104303114
SULT2B1,0.55032617,0.123759426
RAD9A,0.550263,0.1287939
TMEM19,0.55026,0.15571089
L3MBTL3,0.5500368,0.107043125
FOXR1,0.54998064,0.19431856
LYSMD2,0.54990387,0.12721997
PPIL6,0.5498999,0.11509026
DPY19L2P2,0.549859,0.11513839
OR11G2,0.54966164,0.13048217
LINC00273,0.5496258,0.13261919
SPPL2A,0.5495056,0.12818955
MIA,0.54946446,0.14284983
COL25A1,0.5493041,0.11917972
AKAP1,0.5492725,0.12652718
CASP8AP2,0.5492192,0.12071613
AKIRIN1,0.54912466,0.13103427
AACS,0.5490364,0.1508662
NECTIN1,0.54903525,0.1293981
ACOT12,0.5488668,0.11215092
DYNC2H1,0.5487756,0.16577885
HOXA7,0.54869425,0.15186344
SASH1,0.5484135,0.15311275
LINC01869,0.5483421,0.11817326
GSTP1,0.54825133,0.12784602
TTY1,0.5481354,0.13575073
BPY2,0.54811,0.101941034
C15orf39,0.5480311,0.14608154
GSTA2,0.5479929,0.147399
LOC100289058,0.5479142,0.12817681
CLPX,0.5478666,0.1492873
SGCG,0.5477338,0.12120803
TLX2,0.54766035,0.15963069
AP4S1,0.54762924,0.16466165
CECR2,0.5475209,0.1289829
GABBR2,0.5475006,0.20097001
SOST,0.5473463,0.11317219
LINC02072,0.5473185,0.14398086
EVI2B,0.5472573,0.12910159
BRPF3,0.54724747,0.12012106
FOCAD,0.5471204,0.12124605
PDE8B,0.5469206,0.15719208
RASAL2,0.5467458,0.10609148
SERINC1,0.5466771,0.17578839
PRDM15,0.5466712,0.15006769
DKFZp451A211,0.5466014,0.12555394
DDX11,0.5465212,0.098109625
VIPAS39,0.54649174,0.11897471
SKP1,0.54647416,0.0921113
PEG10,0.5462991,0.14369127
PUSL1,0.54624367,0.15316316
AX747659,0.5462336,0.088069685
AAA1,0.546232,0.11892287
FPR1,0.5459725,0.14036846
MOGS,0.54595935,0.12388417
MORC4,0.54591745,0.11919939
RPTN,0.5457616,0.12881911
KAT2B,0.54549193,0.14256503
PRRX2,0.5454422,0.12970306
MAU2,0.5453872,0.11474287
CD5,0.5453787,0.13222745
CABP2,0.5452429,0.10892588
PLPPR5,0.54510117,0.11996671
PLEKHM3,0.54508364,0.12087559
RINT1,0.5449399,0.13203986
SWAP70,0.54490733,0.12004641
SF3B1,0.54489243,0.12645853
BPIFB2,0.54476625,0.15246356
CCZ1,0.5447595,0.1297735
KIAA0556,0.54475546,0.1303514
GTF2IRD2B,0.54448485,0.1488712
C5orf4,0.5444578,0.11948953
SYN3,0.54439473,0.14069207
GSDME,0.5443696,0.124201216
LCE3C,0.5443559,0.1195845
GPR137,0.54434854,0.11150343
ZNF22,0.5443421,0.11424012
MSL2,0.5442486,0.12906593
FOSL1,0.54418415,0.12958774
TTLL9,0.54416037,0.10325381
TNNT3,0.5441597,0.13699573
UBAC2,0.5440508,0.13968605
ST8SIA3,0.544015,0.13277629
YPLR6490,0.54399556,0.106953755
GK5,0.5438638,0.13399382
ST7L,0.5437211,0.122949794
KRTAP24-1,0.5436618,0.1377811
BRICD5,0.54353887,0.13684389
CTAGE10P,0.54347247,0.097003125
KLF13,0.54340553,0.107474074
OR5W2,0.5432762,0.11977055
RPL28,0.54322696,0.10829566
C7orf57,0.5431682,0.14217608
TBX21,0.5431646,0.13847594
ALDH7A1,0.5431553,0.0979131
PCDHGA8,0.54306036,0.101070024
SP100,0.542956,0.13115154
BHLHE22-AS1,0.542943,0.1091475
RNF185,0.54288167,0.13724318
PAQR3,0.54269195,0.15543963
BBS5,0.54267937,0.11337125
HAX1,0.5426657,0.114040576
MYBBP1A,0.5424796,0.17313145
SRGAP2B,0.5423864,0.10618523
GOLGA6L1,0.54234314,0.13393633
COQ9,0.5423105,0.1582209
ADIG,0.5422349,0.098169714
FAM180A,0.5420769,0.10981933
BZW2,0.54198384,0.1173721
LINC01931,0.5418983,0.11594717
GNS,0.54189396,0.14874154
BLZF1,0.5418645,0.10083501
STMN1,0.54174626,0.1261346
PPP1R1A,0.54172057,0.103682436
BRPF1,0.54166603,0.18814921
LOC284861,0.5415006,0.11895007
PPP2R2D,0.5414732,0.0994553
CHST15,0.5414533,0.11995095
ZNF510,0.541296,0.12972927
ASAH1,0.54127985,0.14308591
FAM55B,0.5412032,0.1275442
DDC,0.54119194,0.12755395
SP6,0.54115653,0.17500888
SPATA8,0.541118,0.12353539
NCAM2,0.5410126,0.11660611
MBTPS2,0.54089427,0.14090382
RPUSD4,0.54087543,0.10222635
TMEM217,0.54070896,0.12355523
HNRNPUL1,0.54063374,0.15253374
ADH6,0.54060227,0.19822292
USP6NL,0.54056823,0.14318922
PTK2,0.5405592,0.15284526
CRIPT,0.5405342,0.11881646
TSPY3,0.5404853,0.16490185
CR1,0.5404389,0.13500088
TOB1,0.54035306,0.13645878
BRINP2,0.5403437,0.13576023
FRMD8,0.5403176,0.13090497
ADH5,0.54028916,0.13933066
NUTF2,0.540258,0.12731983
LINC00599,0.5401069,0.12788408
LINC00662,0.53990716,0.1568501
SPATS2,0.5398247,0.14375295
SIK3,0.5397512,0.12068906
PRICKLE1,0.5395918,0.10526282
CES1P1,0.53958917,0.11211926
ACTRT3,0.5395464,0.11597098
PAPPA,0.5395406,0.10905701
ARHGAP26,0.5394732,0.20063075
HMGN1,0.5394413,0.106846996
C12orf4,0.539373,0.115720205
C17orf49,0.539364,0.15008928
SPG7,0.5392683,0.15234211
C1orf210,0.5389315,0.12459914
CCL24,0.5388054,0.106007904
CALML6,0.5387255,0.11951883
SERPINB7,0.53866434,0.17080332
SERPINA11,0.53865623,0.19278729
CORO2B,0.53862935,0.15899426
MIOS,0.5383208,0.116573155
NAT16,0.5382426,0.15838297
ZNF662,0.5382384,0.15057875
PIM1,0.5382148,0.155941
FLJ22447,0.5381083,0.13218822
HCRTR2,0.5380644,0.12807578
SEPTIN12,0.5380575,0.14287683
HES5,0.5380271,0.17638433
FAM151A,0.53798753,0.11649228
ADIRF,0.5379254,0.20448129
RAPGEF6,0.5378843,0.15207909
GPANK1,0.53788286,0.104182675
ZNF74,0.5378674,0.13260002
SLCO1A2,0.53777647,0.14506927
ZCCHC10,0.5377615,0.14124177
SLC22A25,0.53766847,0.113605656
ARPC4,0.5376534,0.17844173
KPTN,0.5375797,0.12280254
NEO1,0.53723526,0.1482627
LOC401410,0.537194,0.12376426
FCF1,0.53699225,0.10898462
POLDIP2,0.5369412,0.16716368
PANX3,0.5368156,0.19998626
LINC01565,0.53669655,0.1641312
RNF157,0.53664,0.15877682
ARL15,0.53663766,0.12639907
DPRXP4,0.53651446,0.16158305
TPI1,0.5364235,0.14354697
C15orf41,0.53640527,0.13193816
ATG2A,0.5363623,0.1359771
PUM1,0.53634614,0.120667726
ICOS,0.5361444,0.10829719
GSTZ1,0.53614354,0.13263094
LCMT1,0.535997,0.19091138
LOC389641,0.53597254,0.13981691
NXPE4,0.5359289,0.13034739
FAM106A,0.5359219,0.14254734
SYDE2,0.5358982,0.14316362
SDC4,0.5358728,0.12456009
SLTM,0.5358525,0.121047825
HBQ1,0.53570557,0.120420516
MRM1,0.53568864,0.095163696
C1orf116,0.5356136,0.100754894
MYBPC2,0.5354903,0.15131715
RBM47,0.53540593,0.13993822
MGA,0.53537774,0.14471881
DNASE1,0.5353152,0.1176106
TEAD4,0.535312,0.1272794
OAT,0.5352722,0.1374661
GNRHR2,0.5352582,0.113295
GRN,0.53508836,0.12614441
SCGB1D1,0.5350796,0.11433557
CDK15,0.5350403,0.11129566
LRRC10,0.5349908,0.13168931
UCMA,0.5349607,0.14320752
BCL2L13,0.53494334,0.14442973
SIRPB1,0.53491473,0.114927
EEFSEC,0.5348478,0.14677146
SIGLEC6,0.5348086,0.14144163
IKBIP,0.53475857,0.16862282
L3MBTL,0.53459775,0.13115108
PRSS37,0.53456473,0.12003556
ASAH2,0.53451055,0.11205339
LARS1,0.5344051,0.088300124
ZNF532,0.5343417,0.14560694
TRIM16L,0.5343263,0.14651114
THUMPD3,0.5343221,0.09816419
SLC38A7,0.5342792,0.16740718
SLC30A10,0.5339129,0.12807871
GTF2E2,0.5337984,0.15571205
ZNF136,0.53377765,0.11919012
DMTF1,0.533667,0.10904781
SPRR3,0.53364867,0.13402648
ELK4,0.5335664,0.15836884
RPGRIP1L,0.53356206,0.124003604
AK1,0.5335575,0.13793275
PCNX4,0.5335012,0.12898907
GNGT1,0.53349495,0.11877053
USP14,0.5334885,0.097529165
MRPL32,0.5334703,0.114424884
NT5C1A,0.5333764,0.14767537
DHH,0.53335935,0.10590319
COMMD4,0.53331035,0.14692372
CYP46A1,0.5331867,0.14538164
FBLN2,0.53312314,0.12247473
OR8D2,0.53308207,0.09566836
FTSJ1,0.53307,0.15731788
KCNG3,0.5330352,0.139193
PKP1,0.5329916,0.14691104
ACOT2,0.5329675,0.110457405
BPIFB1,0.53277826,0.14330104
AMH,0.5327599,0.15534215
CTNNA1,0.5325724,0.12712157
UGT1A5,0.5325383,0.12208639
GRK7,0.53228766,0.08693717
KRT4,0.5321196,0.12651137
FKTN,0.5317525,0.14290719
ANTKMT,0.531697,0.12989797
LUC7L2,0.5316313,0.12271533
GPLD1,0.5315813,0.13011721
TSPAN11,0.5315305,0.14010267
HEG1,0.5315079,0.16786857
TNFRSF8,0.5314575,0.13119641
APTX,0.53139156,0.10060226
TMEM147,0.53131026,0.09188368
OR2F1,0.53113115,0.14282103
ADCYAP1R1,0.5310558,0.13200778
SMIM11A,0.5310026,0.123219214
SIX1,0.53090274,0.12970059
TAB1,0.5308519,0.12174728
AOPEP,0.53080404,0.1393757
ECM1,0.53080225,0.14177538
S100A14,0.5307981,0.12837738
ZDHHC17,0.5306497,0.17814268
GRID1-AS1,0.53054595,0.12804927
MLLT1,0.5305313,0.16105895
LOC651337,0.5304597,0.14344323
ARHGAP39,0.5304238,0.11002844
MAGEA12,0.5304184,0.11091187
PIGN,0.5302917,0.14587535
UGT2B17,0.53025997,0.12389851
S1PR5,0.530235,0.10942947
AWAT1,0.53011173,0.1620481
CUEDC1,0.53008175,0.1463391
C3,0.5298127,0.12013968
IGBP1,0.5297396,0.12253135
IL17D,0.52972126,0.11931299
FAM69B,0.529646,0.17130081
WNT2B,0.5295997,0.117730826
DCP1B,0.5295391,0.1278589
TDRP,0.5295368,0.14499307
KLF14,0.5295231,0.12175515
PREP,0.52952236,0.1282188
SPDYE3,0.52942693,0.14892305
TKFC,0.5293632,0.1249749
REEP1,0.5290692,0.12010994
SH3BP2,0.52906734,0.14568827
ABCG5,0.529025,0.11888821
LCK,0.5290024,0.10247723
CLCN1,0.52870196,0.11797347
SPR,0.5286286,0.10415355
NR2C1,0.5285601,0.15141338
SRSF3,0.5285159,0.12618874
SLC4A9,0.5285024,0.09684708
PUDP,0.5283634,0.11657541
CYB5RL,0.52832156,0.124000296
SVIL,0.5282737,0.11430377
PROCA1,0.5282658,0.12280198
POTEC,0.5282029,0.11649133
CTXN1,0.52819604,0.12059589
SCAND2,0.52818704,0.15797485
TSPAN15,0.5280531,0.11194992
ZFP64,0.52800643,0.11757081
PGPEP1L,0.5279153,0.13929304
DDX12B,0.52785504,0.16437387
NCF1,0.5278146,0.12220025
LOC100505715,0.52767813,0.1800252
TM2D3,0.5276603,0.21086612
CACNB4,0.5275407,0.1150335
TSTD2,0.5275296,0.12024835
GJD2,0.5275285,0.11587856
POLK,0.52749354,0.1478871
ARL5A,0.52738667,0.13012002
MGAM,0.5272988,0.1178396
VGLL2,0.52728105,0.12713423
DENND1A,0.5271162,0.1666559
TYW5,0.52701175,0.18689981
USP9Y,0.52698296,0.11522803
PPP1R27,0.5268693,0.16215292
BRD8,0.5268009,0.12821364
ZC3H12B,0.52674073,0.1383896
AK126075,0.52669364,0.111260734
PLSCR5,0.5266086,0.13213016
DEPDC1,0.52657217,0.12576406
GIMAP7,0.5263007,0.14018004
CYP4F3,0.5262142,0.13060051
RPL41,0.5262041,0.110503145
ZNF815P,0.52611095,0.12784879
CHKB,0.5261083,0.112840205
NME8,0.5260952,0.14514199
GRIA3,0.526018,0.11159495
SELENOO,0.52597237,0.14235374
PPM1F,0.5259493,0.15041226
SNORA25,0.5259445,0.24004629
GTPBP10,0.5258682,0.11860002
PTRHD1,0.525814,0.18640909
LOC389906,0.5256991,0.101579756
SNORD33,0.5256439,0.113001525
CCL14,0.52558964,0.15837766
IER3,0.5254794,0.15025146
CTTN,0.5254717,0.13763918
KLHL21,0.5254036,0.15056546
LINC00919,0.5253661,0.13048582
CXCL9,0.5253153,0.10866509
RPS6KA2,0.5252698,0.13899001
B4GALT1,0.5252678,0.10254928
PLXDC1,0.5252545,0.12539518
RAC3,0.52518463,0.13127235
CSNK1E,0.5251511,0.10548205
HOOK1,0.52510697,0.13575353
TENT4A,0.52510077,0.14878683
CLEC7A,0.52479374,0.14064653
APBB1IP,0.52476925,0.12688151
SPEM1,0.5247583,0.10982956
SLC4A2,0.5247145,0.130867
IGDCC3,0.5246288,0.16220981
CD300C,0.52461076,0.13429025
SERPINB5,0.5246097,0.142892
MT1IP,0.52459127,0.15412503
PLD2,0.52452785,0.11156801
SNAP25,0.52436864,0.15818648
MSH6,0.5242012,0.18791677
PHF20,0.5241918,0.1189018
HS3ST4,0.5241555,0.18296611
NAB2,0.5241517,0.1405371
MRPS26,0.52412343,0.14885026
FIGN,0.5238577,0.10397039
MMP25,0.52379704,0.115138605
WASHC5,0.5236768,0.11056713
DNAJB5,0.52363807,0.10183359
OR5K1,0.52360725,0.123260185
IFNB1,0.5235807,0.19165047
PCGF5,0.5235296,0.110219665
LOC157860,0.5235043,0.113822766
CCDC140,0.5234736,0.112648115
CEACAM6,0.52346736,0.14128098
BEND4,0.52338684,0.18308434
WNT3A,0.5232445,0.101569325
GRAMD2B,0.52321583,0.112735584
KCNC4,0.523141,0.12754542
ASTL,0.52305526,0.13115492
EIF4E2,0.523033,0.14310972
SEC23IP,0.523029,0.1277816
THYN1,0.5229003,0.1397049
LOC144438,0.5227621,0.15547234
PDE1C,0.52275306,0.11475821
PRCP,0.5226372,0.14999254
GPSM3,0.522542,0.14240006
LRRC71,0.5225126,0.11983953
IDH3G,0.5225062,0.122411184
PSMA3,0.52243483,0.14608169
IGLL3P,0.52234924,0.13175651
KCTD6,0.52226806,0.10826724
SPI1,0.522229,0.11655765
SACM1L,0.5221782,0.121721625
ZNF512B,0.52216727,0.17893256
SH3GL1,0.5220405,0.11837254
FAM227B,0.52190286,0.16869086
APOL1,0.5217702,0.18560494
CCDC26,0.5217454,0.1391226
TMEM30CP,0.5216233,0.10884468
RPL32,0.5215721,0.12221019
WIPI1,0.5215086,0.13521327
POLR2A,0.52132815,0.119217575
CPA3,0.52131283,0.13476118
COMT,0.5212898,0.12190816
OR10K1,0.52121407,0.11557415
CDK12,0.5212034,0.10511295
TRAPPC5,0.52091074,0.13811092
NFX1,0.52084345,0.13692987
OR51G1,0.5208032,0.12349023
SRD5A1,0.5207893,0.20610403
DYNLRB2,0.5207525,0.16796623
ZNF688,0.5207281,0.19775146
CREBZF,0.52064145,0.12848042
ACRV1,0.5206303,0.11854911
USP24,0.52060616,0.14021231
SCAP,0.52057457,0.14244005
MOK,0.52055705,0.10939486
NKIRAS2,0.5204666,0.112342894
AK308544,0.5204369,0.17061971
TCL1A,0.5204322,0.12251573
AASS,0.52032274,0.12625876
APBB3,0.5201648,0.14247908
TDP2,0.5201404,0.11697737
MYL10,0.520077,0.12119789
ARHGAP5,0.51980466,0.1419669
OR8S1,0.51951945,0.11891217
CLSTN1,0.51943797,0.13233326
GRAPL,0.51941884,0.17128067
PWP2,0.5194177,0.1615077
WDR45B,0.5193699,0.12862489
SFMBT2,0.5191828,0.18902695
TMEM121B,0.5191196,0.119940765
SETD1A,0.51903677,0.16038747
RRP1B,0.51901,0.14968257
CTBS,0.5190038,0.13743973
ABHD12,0.5189397,0.14141339
LSG1,0.51877815,0.12202436
USP21,0.5187079,0.21649057
CT47A1,0.5186945,0.112959035
MOSMO,0.51868683,0.13761178
FSIP2,0.5186838,0.12674202
XGY2,0.5185142,0.14975026
MON1B,0.5184455,0.109423324
SOHLH2,0.51843756,0.09308246
CMC1,0.5183371,0.11559201
CNOT8,0.51828593,0.119228646
ZNF350,0.5180394,0.13539219
OR9I1,0.51803255,0.13967825
MRTFB,0.5179544,0.10155099
SH3D19,0.51789874,0.1628143
ATF1,0.5178905,0.12821731
HBM,0.51783097,0.17698531
ERBIN,0.517628,0.2067676
UBB,0.51757306,0.13467208
PCGF2,0.51722825,0.12151101
GPAM,0.51720256,0.120727055
ARSD,0.5170963,0.13364787
COL4A1,0.51701707,0.09600225
SFTPD,0.51701355,0.10084421
LOC100506937,0.5168728,0.10342247
TBK1,0.51673853,0.11136611
SLC47A1,0.51673293,0.12518287
UBE2D2,0.51666784,0.093028866
FGF6,0.5166235,0.15317498
CXXC1,0.5165803,0.115796216
USH1G,0.51616395,0.14962922
MAGEB5,0.5159758,0.14213267
NPFFR1,0.5159648,0.13581578
TMEM71,0.51576924,0.11702664
PEX7,0.5157373,0.1530755
FAM66C,0.5154591,0.12809828
DUSP6,0.5154447,0.17031366
PHLDB3,0.5153095,0.12820052
HTR2C,0.5152619,0.17791128
GGT1,0.51523316,0.10387903
SSX5,0.5150702,0.13190284
ADAR,0.515055,0.11443194
EVI2A,0.5149734,0.16462982
SEMA3B,0.51495034,0.12979448
SLC35E1,0.51488894,0.10522882
HEPACAM2,0.5147563,0.12560733
ALKBH1,0.5147023,0.112668976
JPH4,0.51468796,0.18342163
PP13004,0.5146296,0.1275066
HMGCL,0.5143753,0.14404973
DAZ2,0.5143055,0.12493922
AFP,0.5139288,0.14296965
CAVIN1,0.5139006,0.12463687
NELFA,0.5138908,0.121532805
PDHA1,0.5138788,0.15770507
H3C13,0.51380646,0.10748587
SGO2,0.513722,0.117524266
PTPN23,0.5136379,0.1120219
SCGN,0.51361537,0.16031677
NUCB1,0.5136043,0.10489267
KAT6A,0.51360065,0.1289756
ADGRA1,0.5135128,0.12933744
CCDC172,0.51350874,0.14970556
AGPAT2,0.5134682,0.11128632
NUCKS1,0.51336807,0.13155717
C2orf27A,0.51331615,0.11163633
MAD2L1BP,0.5131896,0.11356791
ARPC5,0.5127036,0.123039216
CFAP69,0.5126935,0.12440173
PHF1,0.51265115,0.15471719
GOLGA8S,0.5126448,0.12973098
TSPYL4,0.5126197,0.1337064
SERPINB6,0.5125516,0.10853507
GGA2,0.5124268,0.13634801
SELENOI,0.5123909,0.12922326
GALK1,0.51234335,0.1350635
TEKT4P2,0.51233244,0.09825191
OR8B8,0.5123198,0.106894724
ANXA7,0.51230377,0.12077131
DOK1,0.5122988,0.13261013
NIPAL1,0.5122192,0.10554946
CROCCP2,0.51221085,0.14946425
MORF4L2-AS1,0.5121198,0.104956865
KIAA0355,0.5120842,0.1578138
WBP1L,0.5119437,0.12589072
WDR74,0.51186854,0.098106086
ASB4,0.5118464,0.13343266
RCOR1,0.51183134,0.12448348
MLPH,0.5118036,0.1298625
RPS2,0.51172507,0.14232753
CHGA,0.511717,0.14586753
LOC100128059,0.51171595,0.13675414
SRGAP2,0.5116954,0.16429141
GIGYF1,0.51167893,0.14971045
RASA4,0.51153505,0.13004687
GTF2H2C,0.511297,0.09706255
KCNT2,0.5112443,0.121570535
TTTY7B,0.5112022,0.10463557
GNG5,0.5111081,0.12714067
H2AC20,0.5110338,0.18383005
STPG2,0.51101303,0.13501456
ACTN1,0.5110055,0.19333744
UBA3,0.51098776,0.1360102
SEL1L,0.5109736,0.13879196
ROPN1L,0.5109662,0.13220103
PRB4,0.51090956,0.12878819
EFCAB13,0.5109081,0.123648256
ZC2HC1A,0.5108728,0.14006086
PHLDA3,0.5108693,0.10587171
ALDH3A2,0.51085186,0.13826077
B3GNT2,0.51083505,0.11748772
SS18,0.51077783,0.19975768
NLRP5,0.5106807,0.13331412
TYW1,0.5106183,0.12572382
TOMM5,0.51058114,0.13042678
C11orf42,0.51042026,0.14529894
HBS1L,0.5103076,0.14313625
LOC729175,0.51027995,0.21177125
CRTAP,0.5101594,0.1453454
GUSBP3,0.5101266,0.12190555
FANCI,0.51011306,0.10976182
RGS12,0.5101075,0.15891407
MT1M,0.5100176,0.13504614
TGM3,0.50999063,0.16906841
FAHD2A,0.5098866,0.11550216
U2SURP,0.5098461,0.14207272
TBXAS1,0.5098192,0.18544154
ANKRD39,0.50975925,0.10745248
CD2AP,0.5097303,0.12880407
FOSB,0.509686,0.1349225
CTDNEP1,0.50955576,0.15798797
POU3F2,0.50948095,0.15016036
CEP295NL,0.5094591,0.20832549
TRIM31,0.50940454,0.12235638
WAKMAR2,0.5093316,0.12774263
LINC00029,0.50928,0.12225999
PRC1,0.5092545,0.13286021
CCDC144BP,0.50923866,0.111397766
TTLL5,0.50913596,0.13294737
NFIL3,0.508998,0.11796069
TRIM51EP,0.50896746,0.10053855
PCDHGA11,0.50886685,0.11752822
TM6SF1,0.5088303,0.12803033
TBC1D9B,0.5087496,0.15376094
KLF1,0.5087211,0.13689646
FGF9,0.5086974,0.121575765
WBP11P1,0.5086809,0.14424504
P4HTM,0.5085498,0.11748142
IL21,0.50847375,0.19713609
TIPARP,0.5082485,0.11312462
FRMPD1,0.50810814,0.1269848
NOTCH2,0.5080294,0.12404007
MCM3AP,0.5078576,0.13445072
AVPI1,0.50784224,0.13233072
KRTAP3-2,0.5078336,0.13315919
TRIM7,0.5077613,0.15439114
CDH26,0.5075864,0.11892596
EPS8L1,0.5075538,0.13907565
PEX6,0.50751716,0.10199242
CRHBP,0.5075016,0.12195959
GDE1,0.50749815,0.14144947
TNFSF9,0.5074898,0.10656192
CXCL1,0.50744545,0.1218101
H3-3B,0.507429,0.11506997
CTRL,0.50727457,0.10625712
VENTXP7,0.5070983,0.13873966
GATAD1,0.50709456,0.14375025
KDM1A,0.5070935,0.13952303
SLC1A6,0.507067,0.122822836
MYNN,0.5068117,0.103195116
MAP6D1,0.5068066,0.108993344
TLCD2,0.5067944,0.16274534
HSP90AA6P,0.5066398,0.15731014
SH3BGRL3,0.5063503,0.19001585
DRD4,0.50633323,0.14126003
SHMT1,0.506265,0.117802106
GPR31,0.50617474,0.13106279
CD300LG,0.5061682,0.15259941
SLITRK2,0.5060819,0.11109806
NAPB,0.5060736,0.13597548
DGCR6,0.50595194,0.13684565
SEL1L3,0.5057602,0.13391598
FABP6,0.50575864,0.13125877
ZNF346,0.5057427,0.13574786
USB1,0.5057145,0.20434989
CSPP1,0.50571316,0.13024312
AGMAT,0.50570214,0.108042434
TMEM72,0.5056666,0.11216531
CDC25C,0.50565773,0.11300783
TBC1D32,0.50565535,0.110246226
CCDC141,0.505595,0.10296473
LOC642620,0.5053282,0.10244056
H2BW4P,0.5053175,0.14569832
FTCD,0.50522566,0.1503958
HYOU1,0.5052073,0.10204997
OAZ3,0.50513834,0.114068046
KSR1,0.5051279,0.14888562
MOGAT3,0.5051015,0.10638215
PATZ1,0.505022,0.106249556
P3H1,0.5049274,0.15126793
ALG1,0.50488204,0.13359548
FXYD6,0.50484717,0.11321564
TREM2,0.504777,0.10411757
TRPC1,0.5047563,0.16552657
FAM185A,0.5044559,0.10892913
CA8,0.5044551,0.15221134
PTPN5,0.50444096,0.18771625
MARK2P21,0.5041638,0.11290244
PLK3,0.5041573,0.14434718
LAMA4,0.5041211,0.15733342
UBTF,0.50411284,0.19724198
LINC01405,0.5039984,0.15647234
LSM14B,0.50396156,0.107590765
PRSS50,0.50394547,0.10129352
SMC1B,0.503808,0.1153182
LOC644686,0.50373036,0.13291979
SEPTIN7P2,0.50355935,0.10075979
TBCA,0.50342935,0.124969475
EIF1AD,0.5034148,0.13315019
SLC39A12,0.50333774,0.15299864
UPP1,0.503299,0.10606221
FGF20,0.50328636,0.1270228
EPB41L4A-DT,0.503178,0.11414385
LRRC31,0.50316423,0.16506107
PSMD11,0.5031497,0.12247334
OR2T11,0.50313985,0.19731247
G3BP1,0.503094,0.17817786
FAM83H,0.50307906,0.14620155
HDAC7,0.50306976,0.13250639
UQCRB,0.5030458,0.111118115
FURIN,0.50288635,0.13021232
EPN1,0.50276935,0.13776813
WDR44,0.5024189,0.11593582
ANKRD30BP2,0.5023226,0.1266821
TTTY23B,0.50219244,0.109612145
ANKHD1-EIF4EBP3,0.501789,0.10526809
SCN3B,0.5017639,0.14084399
AZU1,0.50164837,0.16452053
LSM10,0.5014593,0.12098655
NDNF,0.50140154,0.10912275
LOC653160,0.5013939,0.12757486
TBPL1,0.5013604,0.23561683
C7orf69,0.5012453,0.11957108
URI1,0.5011628,0.121077366
ANO8,0.5011445,0.1294213
ADAM10,0.5011121,0.13411029
NSG2,0.50097305,0.12156178
CS,0.5009109,0.11186952
SMIM3,0.5007899,0.110096395
PCDH17,0.50073075,0.10462746
SNORD43,0.5003941,0.15183352
ZDHHC9,0.50036496,0.14469418
GADD45B,0.50026023,0.16360977
APLP2,0.50025594,0.1367235
LRTM1,0.50020754,0.12905963
UNC13D,0.50015396,0.10254793
VRK3,0.5001352,0.12742934
FZD4-DT,0.500127,0.11398925
BCAN,0.5001172,0.14655116
C22orf31,0.50010943,0.14154878
CYB5A,0.5000962,0.14013861
CSRNP2,0.50008845,0.106153496
TBCK,0.50008,0.1253446
EDF1,0.49998176,0.13870996
AFF4,0.49997503,0.12981106
FLVCR1,0.4999627,0.15671283
FH,0.49991742,0.1353605
PGAM4,0.4998808,0.11835481
DMKN,0.49987352,0.12315991
AAK1,0.49981752,0.15089981
FUT9,0.49976748,0.16241117
MMP23B,0.49973798,0.19643436
CPE,0.4996759,0.14586763
PDC,0.4996217,0.12145486
CUL5,0.49959445,0.12204005
PGBD5,0.49944025,0.14443411
TRNT1,0.49932858,0.1176433
TUFM,0.49923024,0.095783286
DDX24,0.4991633,0.16115369
PRELID2,0.49914396,0.11684272
PCSK4,0.49913687,0.1485502
EIF1,0.49901477,0.15166643
HPCA,0.49900696,0.10809534
ZNF271P,0.49899882,0.12237752
ATP1A3,0.49884123,0.12280434
TRAP1,0.49880293,0.10611466
ATL2,0.4987985,0.12940875
DRICH1,0.49872926,0.1268473
IQCM,0.49872792,0.11983692
ZDHHC11,0.4986908,0.10439303
CHIAP2,0.49865034,0.11041677
LOC642384,0.49859437,0.16762698
LRRC18,0.49854696,0.14325933
KRT15,0.4984757,0.12445741
DTL,0.49833718,0.14490725
OLFML1,0.4982838,0.15784086
REM1,0.4981308,0.11199026
PTGES,0.49799368,0.101536974
RC3H2,0.49781543,0.14070952
RGS18,0.4976886,0.12283453
PPM1B,0.49763742,0.1467394
PDE3A,0.4976258,0.10499562
MPPED2,0.49747002,0.12568735
C1orf216,0.4974236,0.11305017
SMIM11,0.4971864,0.10502421
BAP1,0.49714676,0.14611837
PIGT,0.497121,0.13296431
ZNF586,0.49706903,0.17281525
NAPSA,0.49698833,0.13436355
KRTAP10-9,0.49696216,0.12627341
PLCH1,0.49688885,0.13668565
KCMF1,0.49682882,0.1520341
LINC02349,0.4967671,0.09582636
WDR72,0.4967384,0.17689103
FGF8,0.4966486,0.11822565
MMP27,0.49660793,0.14475319
PEBP1,0.49659044,0.13235635
CUL7,0.49651212,0.10325888
ACTL7A,0.49642453,0.11300402
FAM171A2,0.496338,0.11018298
URB1-AS1,0.4962824,0.11583845
CCNE1,0.49626553,0.15079944
NUDT19,0.4960755,0.1316568
TMEM270,0.49601567,0.14330702
SLED1,0.49599254,0.13651626
NKX2-8,0.49595553,0.12141464
COPB2,0.4959099,0.10486455
GUCY1B1,0.4959037,0.17483217
CLK2,0.49579605,0.18553784
LMF2,0.49578497,0.13233148
CNNM1,0.49577844,0.11945722
SLC25A4,0.49570116,0.13006952
TAS2R43,0.49566856,0.10934387
PYY2,0.4956093,0.11450316
SNORD35B,0.49560434,0.116228804
FLJ44838,0.49547923,0.12271199
NAE1,0.49545768,0.10852643
BAG4,0.49541786,0.11994656
DMRTA1,0.49536878,0.13487609
VLDLR,0.49528682,0.11964967
CRISP1,0.49521858,0.1280733
ADA2,0.4950354,0.10186157
SNRNP35,0.49501193,0.14050998
CENPH,0.4950093,0.119550474
CLIP2,0.4950019,0.15944687
PAX2,0.49489594,0.10028168
OR9G1,0.49464843,0.12230708
TGM6,0.49459866,0.1606196
CAPN15,0.49457154,0.12454985
RASAL3,0.49453402,0.10688227
ARFIP1,0.4944517,0.1420002
TTF2,0.49439022,0.13979666
KRTAP2-1,0.4943284,0.16809472
LHX3,0.49432024,0.1230736
DKFZp434O171,0.49424472,0.1289978
TCEB3CL,0.49424216,0.15225165
PSTPIP2,0.4941276,0.13312708
PA2G4,0.4939504,0.12602419
PEX19,0.49392495,0.1285767
ERCC5,0.49391532,0.10414164
CD37,0.4939127,0.10844622
PHYHD1,0.49390638,0.11960218
LIME1,0.49376887,0.14676516
SNORD21,0.49368387,0.13979146
PHF19,0.49360755,0.12800522
TGFB1I1,0.493296,0.15211658
XIRP2,0.4932377,0.10535555
CSTB,0.49309114,0.13743106
TBC1D2,0.49301156,0.12558162
PPP1R3G,0.4929283,0.09313064
H2AP,0.49291354,0.099868655
FUT1,0.4928817,0.12732568
PABPC1,0.49288028,0.12825634
NMUR2,0.4928541,0.13676573
ABHD18,0.4928301,0.13062623
FAM177B,0.49277553,0.105743535
AHCY,0.49271747,0.13875684
ALMS1,0.49262193,0.15432367
BRMS1,0.49251926,0.120259166
USP49,0.49250707,0.09897104
HERC1,0.49249452,0.12745662
LOC644277,0.49246702,0.13572492
SH3GLB2,0.49236846,0.14371018
SH3RF1,0.49222568,0.123991765
FAM197Y2,0.49218345,0.11993126
PSMD1,0.49211836,0.13201115
GALR3,0.49197695,0.13923573
GRIN3B,0.49188352,0.15270944
SCRN3,0.4918435,0.12721163
ACOT1,0.4916809,0.15239117
TRAF3IP2-AS1,0.4911793,0.13840364
WEE1,0.49113974,0.14992364
EIF2D,0.4911377,0.14291635
PRLH,0.49107653,0.13784018
GRWD1,0.4907799,0.13633944
CFAP53,0.49076805,0.14885184
ABCE1,0.490743,0.16675529
CCNE2,0.49068576,0.15766296
VASN,0.49051076,0.15037403
FITM1,0.49048504,0.12849872
ANKMY2,0.49046433,0.14129154
CPEB2,0.49043187,0.14138632
PICALM,0.49022007,0.122185506
TMEM191B,0.4901918,0.11735735
RBM48,0.49017462,0.1047457
NREP,0.49008933,0.16455463
POTEB,0.4900306,0.17252442
PARP3,0.48983425,0.10528637
OR6C4,0.4895736,0.09693915
TMEM133,0.48956907,0.12252536
C11orf54,0.48941872,0.13962048
MIB1,0.48929855,0.13870722
MSC,0.48909953,0.10499821
RPS17,0.48902953,0.12928312
PAGE5,0.48886624,0.1318171
ZFPM2,0.48864293,0.11707577
TMEM243,0.4886357,0.14380734
APLP1,0.48848188,0.11190043
CA5B,0.4884795,0.13257465
TEX261,0.4884795,0.13734348
KAZALD1,0.48835048,0.16524215
H2AC7,0.4882241,0.09871568
HSPD1,0.48814315,0.16890574
ZRANB2,0.48812196,0.11394237
MMADHC,0.4879234,0.15129521
FSD1,0.48778033,0.10689825
CMTM8,0.487655,0.12548499
ERGIC3,0.48764592,0.14634635
RASSF6,0.48762977,0.143117
SLC35F1,0.48761648,0.1144409
PGAM1,0.4875316,0.13181984
SMEK1,0.4874536,0.10836997
SH3TC2-DT,0.48744592,0.11964285
BEST2,0.48724762,0.14653581
RAB15,0.48724106,0.12639259
ELFN1,0.48723722,0.10552659
POMT1,0.48713967,0.11948023
CCSER2,0.48707125,0.14522423
TMEM238L,0.4869021,0.09919701
AKR1C6P,0.48684055,0.11599525
FBXO32,0.48682708,0.10504788
NUPR2,0.48682243,0.14335047
RPS8,0.48677713,0.10252449
C17orf82,0.48664987,0.17507538
GPR61,0.4866177,0.10949993
CASZ1,0.48660502,0.12834188
PDCD1,0.48653713,0.1039868
HSD11B1L,0.4864751,0.1330843
FAM102A,0.48642272,0.115023
SLC25A3,0.48637986,0.11363081
FAM90A14P,0.48620954,0.09559663
LCE6A,0.48618844,0.19107552
TCTEX1D2,0.48618227,0.12674296
KRTAP19-1,0.4861772,0.15686099
DCAF12L1,0.48613524,0.111779444
LOC440149,0.4861084,0.16435353
POM121L2,0.48608315,0.15087587
NSUN3,0.48605797,0.12677817
KCTD5,0.48603952,0.09372343
SIX6,0.48599038,0.12760672
NME4,0.4858985,0.14462495
RACK1,0.48587623,0.14742887
MTMR14,0.48583588,0.16230212
OXLD1,0.485786,0.13020639
IGFBP5,0.48576933,0.12992209
PPP6R2,0.48570448,0.14709099
PRDM13,0.48566034,0.12077566
WIPF3,0.48556885,0.19633916
TRIM41,0.48551273,0.10916038
PDGFRB,0.48550332,0.12491405
EXOSC5,0.4854395,0.12469907
ANO3,0.48542655,0.12630768
CLEC12B,0.48541155,0.19150741
USPL1,0.48539627,0.14935423
TTC16,0.48530805,0.15557484
CLPTM1,0.48529765,0.110018
PELO,0.48524478,0.141451
COL9A2,0.48521668,0.13817139
ATG9A,0.48518145,0.10509004
UBR4,0.48511773,0.1242241
NPAS3,0.48511454,0.1435533
YTHDF2,0.48509178,0.15567021
EP400,0.48506215,0.11572855
CRB3,0.48494756,0.113626
LINC01252,0.48469776,0.119395256
NDUFC2,0.48462364,0.13345322
RXFP3,0.4845932,0.12139063
KCNH4,0.4845558,0.12408536
ACTBL2,0.4845536,0.15532109
OR4N5,0.4845301,0.104415976
SLC30A4,0.48422575,0.13516194
CECR9,0.484127,0.13568644
GNB2,0.48390886,0.12996107
COMP,0.48385254,0.14000717
MAGEA6,0.48381305,0.13379855
CDC14B,0.48376504,0.14908054
EXOSC8,0.48363024,0.120907165
PEX2,0.4836141,0.14958574
CDC6,0.4835927,0.13442577
TEX101,0.48352814,0.10759247
GIPC1,0.48351395,0.15322106
TNFRSF4,0.48349485,0.12644567
PRMT3,0.4834814,0.11830886
PGGHG,0.48343912,0.13112967
ELFN2,0.48331094,0.1545433
UBXN11,0.48327875,0.09861554
SLC36A4,0.48326603,0.12333244
OR10A6,0.48325962,0.12492648
TRIT1,0.48322186,0.13143875
LINC03007,0.48294032,0.11130847
PRDM11,0.48292673,0.11614312
LOC100128563,0.4827904,0.12957361
HOXB4,0.48257595,0.12871492
ALOX12P2,0.48245376,0.10101834
RPUSD3,0.4823002,0.116448335
PHKA2,0.48229945,0.11599904
TAFA4,0.48224834,0.1296298
EBLN1,0.48224282,0.12991299
DCDC5,0.4821178,0.16566344
CACNA2D3,0.48205614,0.14787136
CPLANE2,0.4818744,0.12085363
FAM86B1,0.48176754,0.107068025
CLN8,0.48176348,0.13633436
AHR,0.48173907,0.17257814
SREBF1,0.48173282,0.13518181
TAT,0.48164234,0.11761605
KIF7,0.48143703,0.19534162
FIZ1,0.48142266,0.11291659
LHFPL2,0.4813921,0.1258336
PIGL,0.4813885,0.13947438
METAP2,0.4812029,0.18694426
DGAT2L6,0.48107284,0.1461896
OR6C74,0.48106202,0.13805214
SLC35E3,0.48091784,0.11068139
GMDS,0.48085347,0.15006372
GRPEL1,0.48082638,0.11216987
TMOD1,0.48064208,0.10510366
C22orf42,0.48057434,0.19233555
TBX18,0.48043796,0.16143535
ERI2,0.4802305,0.12380983
BNIPL,0.480163,0.1868362
TUBGCP2,0.47999603,0.15933701
DLX2,0.47966295,0.16123527
RNF103,0.47964644,0.13708654
CHMP4B,0.47960216,0.1350301
CST13P,0.4795699,0.13913469
TOLLIP,0.47947958,0.1250554
DND1,0.47947338,0.10206959
H2AC13,0.47943735,0.11709683
TNIK,0.47929472,0.12818307
MGC16025,0.47901887,0.110561565
EIF2A,0.4789935,0.12346674
ADSL,0.4789357,0.17962044
POLR1D,0.47880018,0.13980938
ELF1,0.47878465,0.14061856
CERT1,0.47870445,0.15173228
NF1,0.478675,0.16051984
PSMD2,0.47867188,0.15741907
TMEM225,0.4784833,0.13169082
STIM1,0.47848135,0.119104296
RGS20,0.4783871,0.11675113
CCDC80,0.4783212,0.1220824
TUBB1,0.4783092,0.1273962
CCDC8,0.47807932,0.15412603
SLITRK5,0.47797266,0.11448207
GIMAP8,0.47794992,0.15299368
LCN9,0.47789714,0.11684674
TAF1A,0.47784343,0.22279678
AMY2B,0.47780988,0.11244533
CELA3A,0.47775728,0.13095023
COG6,0.4776109,0.16589221
LINC00616,0.4775997,0.13149776
SIRPA,0.47759533,0.15485498
ZNF557,0.4775778,0.11828497
ST3GAL4,0.47748247,0.13023564
PHOSPHO1,0.4770876,0.18468635
SLC2A2,0.47706035,0.12264735
ENO3,0.47699222,0.11803038
PSMB8,0.4769321,0.16128063
EID3,0.4768533,0.11611732
RAB17,0.47664735,0.1364889
PNPO,0.47657073,0.15431884
C5AR1,0.47639,0.13464017
APOD,0.47638837,0.11625728
IDO1,0.47636473,0.095736615
ARL6,0.476358,0.12449052
DSG2,0.47607526,0.12912722
THPO,0.47607225,0.09814609
C3orf36,0.47583476,0.11814985
WDR54,0.47581273,0.15018992
OR11H6,0.47574046,0.10534223
SPAG1,0.47570232,0.13837063
FAM136A,0.47560343,0.11760031
CCDC74A,0.47549054,0.14467353
ANP32A,0.47539085,0.14931735
MXRA7,0.47531167,0.12056525
CERS5,0.47530124,0.12949014
ELP5,0.47524887,0.14315023
DEF6,0.4752428,0.1578035
GAGE2B,0.47519934,0.13116816
LOC388282,0.47506878,0.121509016
FIP1L1,0.4749789,0.13774963
ZNF682,0.47489318,0.13149601
TNR,0.47484994,0.14637621
CFAP161,0.47483617,0.1326002
LEMD3,0.47483602,0.11565736
GJA3,0.47478878,0.16785346
MUC13,0.47468886,0.09454941
YARS1,0.4744427,0.13288507
NAIF1,0.47436845,0.13737178
ABCD4,0.47436342,0.14957167
PDIA4,0.47424126,0.13326263
RPTOR,0.47419414,0.0980843
C9orf139,0.4741707,0.1210332
MUC7,0.47409922,0.1418922
ZXDC,0.4739624,0.10772701
DCP1A,0.47394353,0.16356902
GLIPR1L1,0.47382662,0.11948192
ITPKA,0.47380856,0.12308489
WIPF1,0.47377464,0.14768846
BCL2L15,0.47377,0.10443922
COX6B1,0.47360194,0.12815145
BLNK,0.47357693,0.14747773
ELF2,0.47345847,0.12718813
SLX1A,0.47345525,0.16597882
PTPN3,0.47337842,0.14084594
DNAL1,0.47329792,0.10267368
IQGAP2,0.47323343,0.103225194
POLM,0.47314364,0.12274018
CLEC10A,0.4731329,0.154923
MADD,0.47310588,0.14666116
ARHGEF12,0.47308496,0.14698958
TFB1M,0.47307536,0.10317277
ALAD,0.47301298,0.1277581
CROCC,0.47255698,0.16890882
CT45A6,0.47239926,0.11634517
LINGO2,0.4722944,0.12727152
GRAP,0.47228572,0.11028038
PCDHB6,0.4722587,0.12233729
C7orf31,0.4722205,0.11032864
TIMM44,0.47221857,0.12900925
ENAM,0.4720647,0.15779698
A1CF,0.47202736,0.11343133
SLC7A9,0.47201812,0.14058389
LOXL3,0.47196227,0.17088251
UPK3B,0.47187227,0.10189204
HBCBP,0.47178128,0.11872449
BORCS7,0.47175327,0.15068492
GPR45,0.47162354,0.17244042
GYPA,0.47156247,0.10862347
MLST8,0.47154897,0.1516519
TMEM14B,0.47152838,0.16121112
TEAD2,0.47146827,0.1287569
RNF2,0.4713879,0.14826807
DCAF13,0.47138003,0.16598955
PRR23C,0.47130498,0.11345917
GPRC5B,0.47126627,0.17460443
AMDHD2,0.47125712,0.15659389
SLC4A1AP,0.47123003,0.10943988
CCNG1,0.47117686,0.14284666
GRIK1,0.4710346,0.23085742
MFSD14A,0.4710022,0.15590125
KIF16B,0.4709778,0.1316948
SFXN5,0.4709044,0.15767768
GPRACR,0.47081554,0.09216311
G6PC3,0.47081277,0.12447389
TMBIM4,0.4707917,0.13430782
FZD9,0.4707487,0.12273892
TBC1D7,0.47072616,0.15250018
ARHGEF19,0.47064337,0.16446693
KLKP1,0.47051346,0.1340097
PAK1IP1,0.47042158,0.18323503
CHST9,0.4702964,0.11518635
NRP1,0.4702889,0.15141398
CTPS1,0.4702672,0.12208584
C9orf152,0.47015262,0.14813536
AHNAK2,0.47006935,0.10216424
SPP1,0.4699888,0.12134578
LCE5A,0.46998373,0.18112756
FARSB,0.46993527,0.111972876
MYO7B,0.46988267,0.14308012
HPF1,0.46967274,0.14179148
TUBGCP5,0.46964756,0.12205775
SON,0.4696465,0.105122685
INTS4P1,0.46960604,0.0940298
OPTC,0.4694468,0.13646437
RHBDD1,0.46927997,0.11179073
TXN,0.46915963,0.13362347
OR10Q1,0.4690195,0.10157567
BMP10,0.46893165,0.15072212
HERC6,0.46889344,0.17400897
NEK8,0.46887287,0.105691135
ST6GALNAC2,0.4686733,0.15800267
LINC01599,0.4686191,0.15346657
PELP1,0.46856496,0.17742251
CXCR6,0.46855316,0.10945433
F2RL2,0.46852764,0.14373952
WNT2,0.468326,0.12323141
RAB3IL1,0.46829876,0.11291308
SLC7A7,0.46827823,0.11824183
KRTAP5-5,0.4681709,0.10844188
ZBTB8A,0.46815586,0.09927307
PGP,0.46806923,0.1414387
LGI3,0.46804,0.13054079
LINC01304,0.46802327,0.10625241
IL4R,0.46798483,0.12359459
DLGAP1-AS5,0.4676949,0.13131993
MIIP,0.46768254,0.10445475
ZADH2,0.46763864,0.091512114
MUC15,0.46738797,0.11883677
CORIN,0.4673428,0.17335007
ENG,0.46732417,0.15896182
TICAM1,0.46728697,0.13659969
TSPY10,0.46726027,0.1363748
KDM4B,0.46713543,0.092390366
IL1RL1,0.4669595,0.13746017
GMPR2,0.4667623,0.19722939
PADI4,0.46675923,0.11725526
EGFEM1P,0.46669194,0.15083186
AGBL5,0.46665445,0.13185742
SCAND1,0.46661857,0.15791959
CENPBD2P,0.46659625,0.15103455
APOH,0.46657145,0.13770708
SLC50A1,0.46650958,0.19647887
TOM1L1,0.46634084,0.17813377
NOTCH4,0.4663322,0.14512523
SYF2,0.4662423,0.1157675
PPM1H,0.46550253,0.17701648
SCAMP3,0.4654479,0.12770164
STEAP2,0.46543005,0.10543031
FERMT1,0.46533856,0.13149655
MPP1,0.46533233,0.13255809
IFT122,0.46528316,0.11347764
NUTM2G,0.4652713,0.10758923
SPATS2L,0.4651248,0.12021695
PNPLA2,0.46507084,0.1388705
KANK1,0.46505412,0.12326118
CYHR1,0.46504742,0.13360463
MAP7D3,0.46490782,0.108901225
SEMA3A,0.46490118,0.12589082
LDB1,0.46481332,0.16105959
C2CD2,0.46475223,0.11992443
TTYH3,0.46474388,0.13112865
DEC1,0.46464312,0.103725344
BCL2L12,0.4646363,0.10215406
ZBTB6,0.4644594,0.12910028
IDI1,0.4643763,0.111320674
CEBPD,0.46432006,0.117668614
AOAH,0.46422485,0.173351
LINGO4,0.46419707,0.11302606
TNNI1,0.46408135,0.110292345
MRPL16,0.46405962,0.1401756
LINC00189,0.46396655,0.22953048
PRB1,0.46394217,0.1289893
APOOL,0.46385685,0.13052708
AFF1,0.4638459,0.11929771
TRMT2B,0.46357742,0.13170098
SLC12A9,0.46349943,0.13669933
HTR2A,0.46348485,0.14054586
GHDC,0.4634632,0.13458167
FAM174C,0.46345365,0.10283257
NCOA7,0.46330616,0.11451814
PGS1,0.46328342,0.11536815
ST6GALNAC3,0.46325362,0.12020042
BEX5,0.46291634,0.108161636
CYGB,0.46291542,0.11186516
INTS6,0.46290398,0.12319475
STARD5,0.46282256,0.12155708
ZNF33A,0.46280423,0.13560688
FNTA,0.46271655,0.13568759
PZP,0.46267784,0.180001
FOSL2,0.46265596,0.14897637
LIPT1,0.46264085,0.18975802
OSTM1,0.46263945,0.122647054
EGFL6,0.46259522,0.12311562
TIMM10B,0.46255356,0.10974697
PGPEP1,0.46251234,0.13541248
NDUFB6,0.4625065,0.12984972
COPZ2,0.46233866,0.105109274
ZNF397,0.46232677,0.11809039
APOA5,0.46216422,0.13317864
ANKLE1,0.46195158,0.15296495
MRPS18B,0.46192288,0.1292019
LINC00639,0.46179786,0.12204394
CD80,0.46162763,0.09033424
H1-9,0.4616036,0.12126307
ABCA13,0.46155524,0.12653746
KLHL29,0.46145236,0.14773755
OR4N2,0.46141022,0.1441663
HBA2,0.4612517,0.14403622
GTF2F2,0.4611964,0.14491728
HESX1,0.46114442,0.13830112
CLASP2,0.46109074,0.11661856
CANT1,0.46104047,0.108066194
SLC28A3,0.46092266,0.14673342
SPATA21,0.46084625,0.12515607
ZNF544,0.46080926,0.17439257
DOK4,0.46080115,0.1180927
IL2RA,0.46079728,0.15036315
ANKRD36BP2,0.46055463,0.109748885
CBX8,0.46049207,0.10785666
ABCD3,0.46027204,0.1795039
LINC01879,0.46026716,0.1790135
UBOX5,0.4600891,0.14756684
PPP1R13L,0.46002117,0.11036748
C5orf47,0.45994222,0.15002003
KIAA1257,0.45993668,0.12380628
NANP,0.4599168,0.16964394
NPIPA1,0.45989743,0.10306083
HSD17B1,0.4598541,0.12629996
KRTCAP2,0.45972565,0.11985353
EPS8L2,0.459678,0.107187234
C21orf30,0.45965675,0.13190682
SSTR2,0.4596408,0.11228702
GREB1L,0.45952648,0.13632838
ABCF3,0.45948362,0.0983845
PTGDR,0.45934936,0.099080354
RPA1,0.4593223,0.19404367
SNX4,0.45917535,0.11941534
MCMBP,0.4591485,0.11071129
SPOUT1,0.4590892,0.15799674
YDJC,0.4590573,0.10640789
KLK7,0.45893613,0.14070265
ABCF2,0.45887464,0.1364404
KRTAP10-7,0.4587985,0.10134979
TGM4,0.45876348,0.12647514
EN2,0.45875537,0.12120526
ROPN1B,0.4587256,0.12251292
MRPS34,0.4586305,0.09971584
LINC00319,0.45860434,0.12833577
GALP,0.45855558,0.122391395
ACBD3,0.4584679,0.13964589
GGNBP2,0.45814064,0.1120757
KLHL9,0.45801952,0.13524447
LINC00924,0.457924,0.12582311
FAM53C,0.45790106,0.12607229
LCN2,0.4578271,0.11294844
C1orf122,0.45776874,0.12602198
LHFPL3-AS1,0.45768124,0.14978577
ASB7,0.45766196,0.13763364
C11orf76,0.4576548,0.1196438
CMTR1,0.45764372,0.106704205
WWC2-AS2,0.4576365,0.13122138
FGD6,0.45749217,0.13260172
SLC25A45,0.45741785,0.08887628
ABTB2,0.4574104,0.12306833
AATBC,0.4573499,0.13705333
FAM174B,0.45731944,0.16347393
TMSB15B,0.45725667,0.20138331
CHD3,0.45716935,0.16615522
SLC2A11,0.45716062,0.114601694
CNIH3,0.45712587,0.12645562
RBM10,0.45701677,0.13023485
LLGL1,0.45697832,0.16687681
PPP1R32,0.45697555,0.14761396
INA,0.45683736,0.16326693
SLC1A2,0.45683074,0.10522915
LINC01973,0.45682168,0.14117102
RHBDL3,0.45660287,0.12700577
RPL6,0.45656464,0.118758224
LINC02111,0.45635304,0.14413062
SDS,0.4563228,0.13056414
PLA2G5,0.45607868,0.12688148
ITGA7,0.45605186,0.12188821
IER3IP1,0.45605093,0.12053964
DIRAS1,0.45600176,0.10477694
FAM197Y1,0.45593214,0.1175666
TANGO6,0.45589986,0.14973442
SMIM13,0.45587674,0.13031206
FLJ41327,0.45584327,0.13419892
SRPK1,0.45576867,0.113165
MDC1,0.4556204,0.09980964
SRRM1,0.4555559,0.13068771
AKR1B10,0.4555436,0.13274184
FOXP2,0.4554271,0.114558205
LOC441179,0.45541853,0.119540386
TMEM186,0.45539558,0.10962573
GNB1,0.45529777,0.17399122
WT1,0.4551764,0.16069058
OR13C4,0.45502052,0.13190737
TRMT10C,0.4550066,0.14237846
ZXDB,0.45493954,0.12494791
CIB3,0.45489895,0.10178785
C3P1,0.45474768,0.14440387
ANAPC1,0.45469347,0.12616901
BDKRB1,0.45463338,0.111800365
PGBD2,0.4545724,0.13913408
LIAS,0.45452836,0.1455844
SSH1,0.45450264,0.10433589
SPRR1A,0.45443493,0.14070545
CTAG2,0.4541965,0.13334817
SLC66A3,0.45411816,0.13626933
MOCS1,0.45411697,0.12114389
NKPD1,0.4540917,0.11936777
KRTAP20-4,0.4540818,0.13602816
GRIN3A,0.45392057,0.1640746
NRROS,0.45387226,0.12693079
SLC13A4,0.45370334,0.14468747
PIMREG,0.45365497,0.16211727
SRSF11,0.4535206,0.157356
HMGN2P46,0.45347875,0.09391517
ATIC,0.45337668,0.12910487
OR2B2,0.45337293,0.11745899
LGR5,0.45327526,0.1326063
LOC645188,0.45321903,0.1151691
UFL1,0.45320365,0.14166763
PSG7,0.4531801,0.1794039
PCNT,0.45305145,0.14952986
KRT83,0.45299813,0.10650633
ACSM1,0.4526331,0.09541338
ALG1L,0.45251068,0.15777479
CYP2D7,0.45250624,0.12627678
TIMM8A,0.4524857,0.15626699
ZDHHC4,0.45240015,0.13915753
EIF4E1B,0.45232663,0.16878623
GOLGA8T,0.45231244,0.16427982
DNAJC9,0.45229992,0.16790149
CRAMP1,0.4522325,0.12896451
GEMIN6,0.45217156,0.14912708
IRGM,0.4521096,0.13304183
BSX,0.45173383,0.12813294
BRCA2,0.4517142,0.14239368
ADCY8,0.45164338,0.16497955
PRAMEF12,0.4515307,0.14660385
POGLUT2,0.451402,0.089619905
POLE2,0.45139298,0.09966954
CRIPAK,0.45118508,0.097247705
F3,0.4511303,0.09885378
PDXDC2P-NPIPB14P,0.4509604,0.1111407
DCDC2B,0.45070812,0.11772324
ADPRHL1,0.4506573,0.18824229
PLEKHG7,0.45036468,0.12713966
OR11H12,0.45012873,0.1073553
SERPINC1,0.44999108,0.13672838
HSD3B7,0.44993466,0.13728417
CROT,0.44988832,0.1113942
GPR75,0.4498447,0.12076045
RBM5,0.449796,0.122086726
CTBP2,0.44979075,0.13709927
MYL1,0.44978467,0.10570231
PCDHA11,0.44977385,0.17432764
RPRM,0.44968945,0.14551358
ZC3H15,0.4495796,0.119267024
LHX2,0.44955721,0.14129019
ARL4A,0.4493768,0.0977915
BLVRA,0.4493685,0.15195143
LY6E,0.44916862,0.12351896
TPPP,0.44908527,0.12280085
FRMD6,0.4488139,0.09875904
SLITRK3,0.44870973,0.11738862
CBX4,0.44869792,0.12400785
ATP6AP2,0.44863996,0.14667931
HSD11B2,0.44853684,0.12657458
SAFB,0.44839662,0.18194638
LOC80154,0.44838926,0.12599503
OGDH,0.44837484,0.12771307
DCK,0.44828522,0.11258965
ZNF473CR,0.44828144,0.120335735
TGFBRAP1,0.44795972,0.15356825
CLNS1A,0.4479538,0.121998444
MSANTD3,0.44794428,0.110186115
NORAD,0.44784692,0.199837
ZNF516-DT,0.44766697,0.1412692
RBMY2FP,0.4474611,0.12588279
ARL2BP,0.44741628,0.14681758
ENOX2,0.44738206,0.18372402
HVCN1,0.44722718,0.14154685
SNHG5,0.44722,0.16852033
C5orf15,0.44719335,0.13879584
NCRNA00258,0.4471416,0.14350131
NUPL1,0.44699237,0.1272206
ASB10,0.4469855,0.14122196
WASF2,0.44696727,0.12537947
INPP5F,0.44691056,0.13270764
MCM8,0.44684726,0.10893599
FABP5,0.4468336,0.11615609
PFDN5,0.44682297,0.1181145
TNIP2,0.44667107,0.15447965
ANXA8L1,0.44662946,0.14499378
HOXC5,0.44652718,0.13815969
CDC25B,0.4465269,0.19036214
GPR37L1,0.4465105,0.17311464
MICOS13,0.44645602,0.13997415
LMAN2,0.44645408,0.15867814
SCG5,0.4464149,0.13370866
ATPBD4,0.4462072,0.13603033
ASIP,0.4459668,0.1611868
ACTR5,0.44585085,0.1285487
FAM181B,0.44584835,0.08639611
OR3A1,0.44575614,0.15724494
GLS,0.44566414,0.117522374
C13orf43,0.44562957,0.12162968
SLC44A3,0.44555745,0.13580295
NPB,0.4454367,0.14112784
FBXO44,0.44537315,0.15065779
POLR2L,0.44527426,0.13262877
TPTE2P2,0.44527137,0.13322762
TUBB6,0.44520608,0.17084509
SLC26A4,0.44503692,0.11557907
FMNL2,0.44488204,0.12888147
IRX4,0.44486144,0.11193687
CNIH1,0.4448304,0.11277024
WDR38,0.4448192,0.1351401
MYO1C,0.44481575,0.13590412
SOCS7,0.44476217,0.10812886
UGT1A9,0.44474798,0.11976195
ZNF530,0.44465643,0.09505365
PREX2,0.4446065,0.12694888
ARL1,0.4445753,0.16786858
SLC40A1,0.44451606,0.14335845
PLEKHO1,0.4444285,0.1507152
NUP205,0.44441843,0.16613811
psiTPTE22,0.44441235,0.1036195
UBE4A,0.44437587,0.11921603
GSTM4,0.4441649,0.11412552
MPP4,0.44411236,0.102295525
FPR2,0.44406858,0.13994998
GLTPD2,0.44405347,0.11387362
KRTAP4-8,0.44401327,0.13301021
VAMP8,0.44370273,0.13759425
LPHN1,0.44366747,0.10508559
PRDM9,0.44364896,0.11803415
KRTAP13-1,0.44353393,0.13315955
GEM,0.44344127,0.13725376
HEXD,0.44315478,0.14442676
SCG3,0.44308168,0.14447252
LRRC69,0.44307825,0.1639556
GBA3,0.44305182,0.17789267
ATP5F1A,0.4429984,0.13961296
FLJ41130,0.4429716,0.11060211
CH25H,0.4425092,0.14302626
PHYHIP,0.4421501,0.11207192
DEFB109A,0.44179013,0.1219128
LBX2,0.44177532,0.15395324
LRRC46,0.44165924,0.13059528
C15orf21,0.44161573,0.12652141
CCR6,0.44160146,0.13392042
OTUD7A,0.4415843,0.1151156
CT45A5,0.44132882,0.13935325
CDX1,0.4409281,0.12236669
SLC26A7,0.44070488,0.13267717
LINC01602,0.44043773,0.11747235
RABGAP1,0.44029415,0.13181637
UBE2S,0.4402811,0.15331015
CFDP1,0.44014722,0.13032627
FCN2,0.44013685,0.13206984
APEX1,0.4400667,0.112025395
RFC5,0.43998623,0.13593514
LINC02120,0.4399854,0.14524741
COX7B,0.43995276,0.2155432
PIP5K1C,0.43992022,0.17383598
LSM1,0.43983084,0.15042497
LRP12,0.43982434,0.13066015
TMEM35B,0.4397645,0.10643436
PSMA4,0.43972734,0.15742265
NMU,0.43962544,0.11220244
TMEM88,0.43939534,0.11618627
LOC100128035,0.43918133,0.13309538
OR5P3,0.4390413,0.09959328
TSPYL5,0.4390243,0.12130795
PNLIP,0.4388283,0.13019012
DRC1,0.4387006,0.118206985
DHX8,0.43868735,0.13635875
DNTTIP2,0.43867624,0.1271656
BBOF1,0.43853873,0.10911214
TTTY6,0.43848303,0.118089706
KPNA7,0.43845737,0.101068616
GDF2,0.4380798,0.11146501
SNRPC,0.43801835,0.11133895
CYB5B,0.4379416,0.12313139
PLD4,0.43785545,0.11323434
MTIF2,0.4376437,0.13478765
CLK3,0.43730927,0.14973049
ADGRD1,0.43706393,0.11471819
MS4A5,0.43665245,0.12662533
VPS35L,0.43659294,0.10855197
DDX5,0.43645453,0.10857105
ZNF292,0.4364364,0.114901945
PAGE2B,0.43640766,0.13937575
INPP4A,0.43639022,0.1278232
MANEA,0.43635267,0.09676816
POFUT2,0.43632165,0.16455941
METTL5,0.43621847,0.14541452
KIAA1098,0.43615052,0.12796122
EFCAB11,0.4361438,0.14391632
MRPL53,0.43613335,0.10326683
FRS2,0.4360191,0.13991354
MAFG,0.43601397,0.14627276
CHRM3,0.43576023,0.10892049
FAM91A1,0.43570128,0.13989186
RETSAT,0.43569496,0.15531154
OR2G2,0.43566182,0.10720612
CDKN2AIPNL,0.43554676,0.1260475
RBCK1,0.4355323,0.1419738
SYCE2,0.43551847,0.13246948
STARD3NL,0.43529758,0.2125816
GRHL3,0.4352559,0.13346721
C8orf44,0.43519217,0.122474656
PRODH,0.4350713,0.12765382
COA1,0.4350397,0.120873936
KAZN,0.43499774,0.1531522
DISC1,0.4348801,0.17890984
PRAMEF10,0.43475047,0.11807459
GCH1,0.43437272,0.16687767
UGT2B10,0.43430486,0.13654551
ADAMTSL5,0.43379024,0.11658478
CCL23,0.43378425,0.12877724
CD74,0.43370754,0.110838026
LINC01191,0.4337021,0.12660594
TUSC3,0.43357548,0.13717614
GIMAP5,0.43343073,0.12623101
CRYGS,0.43336353,0.10928036
DNAJB8,0.43310815,0.18670945
FMN2,0.43257558,0.11068699
CHRM1,0.43226036,0.18935813
C11orf16,0.43219134,0.15262608
CCDC78,0.43208104,0.12931047
OR4D1,0.43194324,0.14771813
SMARCA5,0.43187696,0.11898609
MRPL17,0.43182966,0.117885746
LHCGR,0.43178886,0.16017514
WDTC1,0.43178812,0.16105105
TCAP,0.43172655,0.1507465
MT1B,0.4316164,0.1374734
PTK6,0.43145236,0.14901075
TJAP1,0.43145192,0.11366435
PPP6C,0.43141907,0.10472398
KPNA4,0.4310718,0.10541753
CYP51A1,0.4309016,0.13098128
CXorf56,0.43086967,0.11653216
ALPG,0.4308267,0.17946565
GOLGA2P3Y,0.43037942,0.124801
NOVA2,0.42996758,0.11652879
LIF,0.42988446,0.14061308
GAD2,0.4297522,0.14597927
FLJ33630,0.42943448,0.114873044
VN1R10P,0.42935377,0.106757894
TSPYL2,0.4293094,0.10821513
PLEKHF2,0.42921036,0.1023253
OR9Q1,0.42917877,0.10831476
SLAMF7,0.42876515,0.120367944
PHKB,0.428749,0.10414538
PPP1R14C,0.4287041,0.14176229
MED4,0.42865065,0.12453353
TCF7L1,0.42863965,0.15526578
BHLHE22,0.42857045,0.15037654
NFIA,0.42846006,0.11897838
TAS2R10,0.42837185,0.12243768
GDA,0.42826855,0.10584301
DUSP27,0.42809623,0.123885125
PSMB3,0.4279883,0.10366337
PRTFDC1,0.42766982,0.119939804
SPOPL,0.4273705,0.19138962
BCAP29,0.4273359,0.11628367
CMTR2,0.42733064,0.13691714
RCC1,0.4271476,0.119380005
UXT,0.42685583,0.16234964
LPO,0.42682734,0.113795124
MMP14,0.42660007,0.096397236
RRH,0.42597738,0.13013062
HTR3D,0.42584154,0.12883735
ANKRD30A,0.4255607,0.12059534
IL13RA1,0.42536888,0.14673363
SPDYE8P,0.42502898,0.12574245
GAGE12B,0.42480278,0.11667847
ITGAX,0.42477816,0.13080272
SH2D4B,0.42476764,0.1290576
CDRT15,0.424704,0.1067399
LLPH,0.42464668,0.12142507
PLEKHG3,0.42461488,0.12454858
SLC7A5P2,0.42451832,0.1156315
GMNN,0.42427927,0.11835134
PKLR,0.42409575,0.109181635
PTPA,0.4239865,0.12891228
PIEZO1-AS1,0.42392117,0.097988844
SH3BGRL,0.42386436,0.14683263
HAUS2,0.42385945,0.15792853
CCDC15,0.42349797,0.11594756
LINC-PINT,0.4233561,0.15075599
IFI30,0.42330122,0.10852131
TTC37,0.42328528,0.14419286
RPL12P38,0.42327225,0.15836124
NKAIN4,0.42321226,0.1344557
GAK,0.42301458,0.12738037
AMBRA1,0.42241132,0.1400587
GP9,0.4224112,0.11330592
STIP1,0.42235222,0.099005915
FBN2,0.42217484,0.14486478
TBX15,0.4220983,0.11507412
PAPOLG,0.4218515,0.12325552
ZNF569,0.4215704,0.12890315
HCP5,0.42152372,0.11679374
SPAAR,0.42138028,0.15286677
CNP,0.42137983,0.11866456
POGLUT3,0.42125896,0.13771173
FAM90A8P,0.42064953,0.12221092
LINC00879,0.4206232,0.11499776
FAM83A-AS1,0.42060208,0.10863701
H2BC14,0.42049155,0.15990812
SPINT4,0.42039934,0.13827085
DIS3L,0.42033252,0.1017088
TMIGD2,0.420248,0.11165862
OR1M1,0.4200247,0.12329432
HMGB3P1,0.42001584,0.15152247
CPEB1,0.41987184,0.1705399
FAM222A,0.41977537,0.15566728
C6orf47,0.41972718,0.13222603
FGF12,0.41970697,0.123836346
MGRN1,0.41970676,0.1270975
TOB2,0.4197039,0.1840003
CLDN5,0.4195466,0.10511753
ZFC3H1,0.41890097,0.14085591
SHISA6,0.41884774,0.11658535
LMBR1,0.41884482,0.10583257
SNORD4A,0.4186891,0.17942318
MCM4,0.41860926,0.14980179
ABCC2,0.4185322,0.16330326
LINC01000,0.41851044,0.1407087
FRMD1,0.4184424,0.13496111
C18orf54,0.41842994,0.1257347
GUSBP15,0.4182239,0.11980418
NAT8B,0.41803226,0.12445772
ABCA11P,0.4179205,0.11771538
PMEPA1,0.41780686,0.15606585
RELB,0.41780132,0.13671502
NXF5,0.41762003,0.1100915
RPS5,0.41743603,0.11569143
SIRT1,0.41735178,0.14331135
MYOC,0.4172733,0.15395159
PTS,0.41705555,0.12237762
DONSON,0.41685018,0.13360545
NSL1,0.41672176,0.12369527
PTGER3,0.416692,0.1212818
LINC01101,0.41615614,0.11755049
BMP8A,0.41604316,0.11031136
ARHGEF10L,0.41595304,0.16067252
ARHGAP35,0.41589335,0.12052417
LLCFC1,0.4158361,0.12527226
MPHOSPH8,0.41580042,0.11029376
MTSS1,0.41577268,0.09684564
CD164L2,0.41574717,0.11888089
LOC283674,0.41537303,0.10635987
MTRES1,0.41526055,0.13983561
CYC1,0.41519275,0.13206573
SNAI3,0.41504693,0.12640786
LINC02774,0.41500866,0.1130273
F11-AS1,0.41443858,0.17177361
GNL3,0.41421536,0.1117459
TOP1P1,0.41370174,0.11683685
NDUFA10,0.41326866,0.14012526
IGF2BP2-AS1,0.41323328,0.11625387
C18orf25,0.41317427,0.12127021
FAM118A,0.41308105,0.1197874
IPP,0.41296703,0.16309749
STX11,0.4129645,0.09871596
SDHALP2,0.41276783,0.13096386
SYNPO2,0.4127119,0.13636787
SMYD3,0.4127094,0.14210826
GPR1,0.4126575,0.10963234
TCEAL8,0.41253155,0.14627513
CTRB2,0.4125268,0.11483467
ZNF480,0.41245472,0.11709886
ZNF516,0.41244665,0.14962877
CENPV,0.41240028,0.10440381
UGT2B7,0.4122085,0.09937467
BARX1,0.41217843,0.1357986
BC048428,0.4121446,0.13343224
NBPF15,0.4121255,0.12897646
C3AR1,0.4121031,0.10759029
HECTD2,0.41196573,0.105287686
ZMYND12,0.4118725,0.11295927
PIKFYVE,0.4118254,0.11546313
ZNF843,0.41161343,0.123962045
ZNF14,0.41159075,0.10464963
ZNF266,0.41137564,0.11974541
CENPL,0.4112654,0.11492386
TNRC6A,0.41078404,0.10099349
SMNDC1,0.410614,0.12375749
ADO,0.41061127,0.12039295
ALDH9A1,0.41037557,0.120825246
NUDT15,0.41023868,0.10406844
PTBP2,0.41016012,0.15098226
TMEM67,0.40997452,0.13391933
R3HDM1,0.4098426,0.15754767
MYEF2,0.40944153,0.12090993
MGAT4B,0.40916768,0.12013358
VCX3B,0.40905908,0.144889
LINC00307,0.40892884,0.15891376
SIGLEC12,0.40868965,0.11418659
GJB5,0.40858185,0.12293376
ERCC3,0.40841666,0.13160512
MORC2-AS1,0.40837398,0.12336192
FUBP3,0.40830913,0.11355048
CD83,0.40822247,0.13141547
DMAC1,0.4080157,0.14018108
DPYD,0.40790227,0.110027716
HDHD3,0.40771,0.16367123
SAYSD1,0.40711206,0.11012805
MRM3,0.4066152,0.11414628
MAP1A,0.4061841,0.091511026
ACE,0.4059784,0.13313301
ASPHD1,0.4058132,0.09679134
MTHFD1L,0.40555936,0.1247584
PRRG4,0.4053352,0.14001435
UBE2MP1,0.40494347,0.15253751
GMPS,0.4048642,0.11211464
MEAK7,0.40481475,0.12567952
TSPYL1,0.40465555,0.09677455
FLJ46838,0.40460706,0.13529237
FXYD2,0.404521,0.118771054
GPX4,0.4042649,0.1333043
ABHD15,0.4042111,0.117170565
KRTAP12-2,0.40403473,0.15316793
NDUFA13,0.40394613,0.13766238
CREM,0.40366784,0.13929498
FNDC9,0.40362585,0.11981592
SLAMF1,0.40356475,0.16133487
TIMP4,0.40340593,0.17710803
NBEAP1,0.40333486,0.16105808
CAPSL,0.40256426,0.13181722
YPEL4,0.4024757,0.14894834
HDAC1,0.4019165,0.1765963
IRX2,0.40146258,0.1538075
MYLK4,0.40128765,0.12689422
LINC01003,0.40091825,0.10848132
ALS2CR16,0.40059558,0.14192668
EIF5,0.40039054,0.09556479
POM121,0.4003626,0.10488053
HDAC8,0.400166,0.13668601
PARTICL,0.40012234,0.14727251
FCN3,0.4000554,0.14484836
KMT5C,0.3997838,0.14001404
STYK1,0.3996828,0.14870189
MAB21L3,0.3989954,0.14453556
HCN3,0.3987515,0.15270528
COQ3,0.39866358,0.1304994
LINC01165,0.39852932,0.11115672
ING1,0.3984873,0.1326486
UBE2V2,0.39811084,0.14386867
MAD1L1,0.39806846,0.11376206
SUDS3,0.3977402,0.11361695
MYH7,0.39772093,0.10814586
KRTAP10-2,0.3976532,0.16101475
SLX4IP,0.39757296,0.119350195
SPANXD,0.39746866,0.12510617
OR7G3,0.39723882,0.13897896
SCAF4,0.39710587,0.108932644
SPRED3,0.39706004,0.116588175
PSKH2,0.3969309,0.14060386
VSX1,0.3965376,0.11586868
FDCSP,0.3964498,0.1195937
CHEK2P2,0.39620495,0.13059856
ZPBP2,0.3961391,0.14898793
SYAP1,0.39608708,0.11112341
KALRN,0.39602163,0.13375382
NPHP4,0.39581013,0.11883227
LOC100288336,0.3956831,0.12211353
DCXR,0.39565632,0.12909234
EDNRB,0.39538577,0.12836418
UGDH,0.39535958,0.10426399
HBB,0.3951827,0.096775144
PADI3,0.39498827,0.11802423
WDR26,0.39490002,0.11070681
EGFR,0.393984,0.1363799
ZC3H7B,0.39397573,0.10796391
MAP3K19,0.39354455,0.16739579
PLEKHA1,0.3933652,0.15038094
OPRM1,0.39322758,0.13846755
ZBTB44,0.39296994,0.12067651
WDR25,0.39283222,0.123810016
TSR1,0.39273605,0.14473034
PLTP,0.39169282,0.107925184
PCID2,0.39142093,0.11740109
FSCN2,0.3911736,0.13529055
TELO2,0.39078057,0.11668063
FNBP1L,0.3905479,0.13379292
LINC00907,0.39042282,0.10149527
TTLL7,0.3901822,0.11798399
OAZ1,0.39004514,0.12702312
DHX33,0.3899282,0.17158577
SGK2,0.38969198,0.1440708
NPL,0.3894585,0.14819536
MALL,0.38918692,0.13471846
PSRC1,0.38911352,0.14503336
KCNJ2-AS1,0.38905382,0.12699418
GPR176,0.38867703,0.11280205
POLR1B,0.38811344,0.14179645
LIMD1-AS1,0.3881012,0.16385403
SOX17,0.38808355,0.11302298
MAP2K5,0.38795865,0.14127174
LPGAT1,0.3879282,0.11901434
SEMG1,0.3874506,0.09221454
ZNF543,0.3874492,0.15446632
GPR89A,0.38698703,0.14755131
ADIPOR1,0.38654447,0.12979783
RPS29,0.3856912,0.103012666
KPNA2,0.38563818,0.1301079
FXYD5,0.38505515,0.17802054
MSH2,0.38484406,0.12411066
NUGGC,0.38481957,0.13085125
PTEN,0.3848073,0.1509577
CCDC116,0.38479245,0.11384119
ZFR2,0.3845189,0.09500104
OR52I2,0.3844219,0.112454556
NRN1,0.38424298,0.108917914
C11orf91,0.3842415,0.17591532
OXER1,0.38390523,0.10755636
GIMAP6,0.38341302,0.1089035
CDK11B,0.38339254,0.105564244
SERHL2,0.38284698,0.1448975
CRISPLD2,0.3814895,0.123476766
REXO5,0.38084435,0.14880127
BMS1P4,0.38029557,0.1165629
PCDHA12,0.38018772,0.111419484
EEF1DP3,0.37989202,0.11037223
LOC100287792,0.37972537,0.1499445
ZNF75A,0.37967083,0.10915649
CCDC33,0.37962008,0.11611292
PARP8,0.37954286,0.11319941
NUDT17,0.37937483,0.11217509
STRN4,0.3790942,0.16424131
ENTPD1,0.37885547,0.11268013
POLN,0.37878805,0.1477978
SH3RF2,0.37878335,0.115043834
RAVER1,0.37825447,0.12198769
NCSTN,0.3780487,0.11446581
LOC100288208,0.37783954,0.13215059
LINC00469,0.37782633,0.13521776
KCNT1,0.37721258,0.11067785
ANKRD37,0.37708664,0.1514891
HAGH,0.37707868,0.10852072
GSTM5,0.37703738,0.09906305
LOC100505502,0.376689,0.1130387
PGLYRP3,0.37628707,0.12996572
IL33,0.37603796,0.12132016
SNX29P2,0.37597224,0.15426391
OBP2A,0.37526113,0.1274987
EIF3J,0.374705,0.12116791
PPIA,0.37403053,0.12103858
BTD,0.3739466,0.09995018
LENG1,0.3739293,0.108370125
CCNY,0.37257642,0.12261219
OR6X1,0.37246448,0.11443644
FTL,0.37207904,0.10893684
TSSC4,0.37192258,0.12071496
L1TD1,0.37165883,0.10346368
CTH,0.37159,0.15408951
CHD1,0.37158662,0.12824097
NOP53,0.37152985,0.10296351
RBM38,0.37142134,0.12884285
CEBPZ,0.37131375,0.13374358
LOC100131107,0.3710966,0.14964744
FER1L5,0.3710132,0.114105314
LILRA1,0.3706947,0.14505346
LEO1,0.36973086,0.1354997
TPP2,0.36949262,0.17021503
IFNA10,0.3690283,0.11106163
MMAB,0.36895558,0.1197405
AGBL4,0.36866683,0.11473002
GABARAPL2,0.36796784,0.13007593
OR4K1,0.36698848,0.12307833
TMEM65,0.36660114,0.16831288
RRAGA,0.36579427,0.13406219
ZNF786,0.36567974,0.14282972
SRSF5,0.3654941,0.118387274
FAM90A1,0.36543202,0.09407445
BATF2,0.3650004,0.117061555
ATP5F1D,0.36415234,0.12038271
ALS2CL,0.36380938,0.110700816
MEGF9,0.36378023,0.10922428
BTBD17,0.36361858,0.12422776
SPINDOC,0.36356166,0.13591145
ATP6V1A,0.36292312,0.14492708
RNF10,0.3628692,0.108187586
TET1,0.36215279,0.10611501
ENTR1,0.3619362,0.11703908
CST9L,0.36174136,0.12265126
TRIM73,0.36130768,0.16298988
CBWD2,0.36095932,0.115147196
CATSPERE,0.36093777,0.11346288
ZNF362,0.3609071,0.13239232
AGL,0.3604359,0.14029424
PTPN7,0.35996303,0.13820715
LPXN,0.35961655,0.11732013
TSR3,0.35931814,0.10982926
DEDD,0.35905126,0.15455218
LCE1D,0.35807323,0.11825903
MIDN,0.35789073,0.087621994
HAS1,0.35630348,0.14941996
RPL5,0.3534234,0.092783
CSN1S2AP,0.35264212,0.13065027
RPAIN,0.3526047,0.11351178
GLRB,0.3523078,0.1272717
LOC105378146,0.35229817,0.12836772
CARD8,0.35211712,0.12835227
CHAF1B,0.35058144,0.13346222
ATL3,0.35043207,0.12739386
LPA,0.35018486,0.11643807
YES1,0.35018235,0.12618443
TSEN2,0.34910986,0.13222022
PPARA,0.34877786,0.107999645
RBKS,0.3483621,0.13589582
LCA5L,0.34824035,0.14176862
TCEAL9,0.3479891,0.11135317
ARID4A,0.34743595,0.10538734
GFRAL,0.3467767,0.12852532
TRIM9,0.3460461,0.14152044
MGST3,0.34531733,0.13013919
CRYBA2,0.34447125,0.09665741
ATP6V1D,0.34437156,0.13481733
HEYL,0.34430027,0.117575824
PILRA,0.34421632,0.102612525
TSPAN6,0.3441456,0.11585962
PRKAG3,0.34284732,0.15098946
CHCHD4,0.34273198,0.15111703
ARMH3,0.34250262,0.12595546
RPAP2,0.34146497,0.13095574
DBX1,0.3412521,0.10916683
EDEM3,0.3411008,0.11004888
DYDC2,0.34057707,0.11631323
SLC15A3,0.3387099,0.105484396
SOX4,0.33794567,0.14766568
RSBN1,0.3377874,0.13244927
CCDC115,0.3373385,0.11891326
MAML2,0.33727777,0.12507857
GOLGA6A,0.33673796,0.1253872
ATP6V1F,0.3364662,0.17657885
NKRF,0.3357504,0.14420557
ZNF665,0.3353472,0.11379358
MRPS12,0.33421364,0.13020115
ZBTB16,0.33210084,0.09342324
CACFD1,0.331877,0.13980155
IL6ST,0.33152184,0.11941106
EFCAB8,0.33097512,0.13547209
PRKCH,0.330497,0.11211596
KRTAP10-5,0.3267316,0.11015129
SMAP2,0.32624552,0.17516166
EIF2B2,0.32431713,0.0913449
OR4C12,0.32385418,0.11049721
LINC01100,0.32002535,0.10752116
C19orf48,0.3199173,0.12269549
MAPK8IP1,0.31159657,0.109787434
SEMA6D,0.31155598,0.12577294
TCF12-DT,0.30873567,0.1269057
ADAM28,0.30789047,0.11702004
PDIA2,0.30493477,0.14644821
LYRM2,0.30035338,0.118653506
UTP14A,0.29552874,0.117178455
ZBED4,0.29066566,0.11218251
ROCK2,0.26397246,0.15580289
ZNF112,0.26096442,0.108967185
